{"stats":{"minecraft:broken":{"minecraft:wooden_pickaxe":1},"minecraft:killed":{"minecraft:pig":30,"operation_otsutsuki:kabuto":1,"operation_otsutsuki:rogue_ninja":7,"minecraft:horse":5,"minecraft:sheep":5,"minecraft:skeleton":6,"minecraft:zombie":4,"minecraft:cow":3},"minecraft:crafted":{"minecraft:cooked_beef":7,"minecraft:oak_planks":44,"sophisticatedbackpacks:backpack":1,"minecraft:cooked_porkchop":3,"minecraft:crafting_table":2,"minecraft:wooden_pickaxe":1,"minecraft:iron_helmet":1,"minecraft:furnace":4,"minecraft:copper_ingot":26,"minecraft:stone_axe":1,"minecraft:cooked_mutton":6,"minecraft:air":0,"minecraft:iron_boots":1,"minecraft:stick":44,"minecraft:iron_ingot":78,"minecraft:stone_pickaxe":1,"minecraft:stone_sword":1,"minecraft:chest":1,"minecraft:gold_ingot":7,"minecraft:torch":100,"tetra:modular_double":2,"sophisticatedbackpacks:iron_backpack":1},"minecraft:custom":{"minecraft:interact_with_furnace":42,"minecraft:mob_kills":62,"minecraft:interact_with_crafting_table":20,"minecraft:eat_cake_slice":1,"minecraft:time_since_death":66586,"minecraft:climb_one_cm":2022,"minecraft:time_since_rest":66586,"minecraft:sprint_one_cm":196860,"minecraft:damage_taken":1108,"minecraft:walk_one_cm":123545,"minecraft:drop":12,"minecraft:damage_dealt":9396,"minecraft:talked_to_villager":2,"minecraft:swim_one_cm":14574,"minecraft:fly_one_cm":367356,"minecraft:open_chest":6,"minecraft:crouch_one_cm":4319,"minecraft:play_time":66586,"tombstone:undead_killed":10,"minecraft:sneak_time":2103,"minecraft:walk_under_water_one_cm":5106,"minecraft:boat_one_cm":57434,"minecraft:jump":1630,"minecraft:interact_with_blast_furnace":3,"minecraft:walk_on_water_one_cm":13972,"minecraft:total_world_time":66586,"minecraft:fall_one_cm":47262},"minecraft:dropped":{"minecraft:enchanted_book":1,"minecraft:gravel":11,"minecraft:wheat_seeds":2,"minecraft:raw_copper":19,"minecraft:crafting_table":2,"minecraft:raw_iron":1,"minecraft:rotten_flesh":5,"operation_otsutsuki:wind_release":1,"minecraft:arrow":16,"minecraft:white_wool":3},"minecraft:mined":{"minecraft:deepslate_diamond_ore":1,"tetra:block_geode":6,"farmersdelight:wild_carrots":10,"minecraft:crafting_table":5,"minecraft:blast_furnace":2,"minecraft:brick_stairs":1,"valhelsia_furniture:hay_dark_oak_chair":1,"minecraft:coal_block":3,"minecraft:tall_grass":2,"minecraft:copper_ore":14,"minecraft:cobblestone":4,"minecraft:deepslate_gold_ore":4,"minecraft:sugar_cane":8,"minecraft:diorite":1,"minecraft:wall_torch":2,"minecraft:hay_block":6,"minecraft:raw_iron_block":5,"minecraft:furnace":6,"tetra:basic_workbench":4,"minecraft:iron_ore":33,"minecraft:fire":1,"minecraft:birch_leaves":1,"minecraft:grass":26,"minecraft:oak_log":54,"minecraft:coal_ore":143,"minecraft:deepslate_iron_ore":45,"minecraft:gravel":43,"minecraft:cobweb":4,"minecraft:stone":81,"minecraft:deepslate":135},"minecraft:used":{"minecraft:cooked_mutton":6,"minecraft:diorite":1,"minecraft:stone_pickaxe":85,"minecraft:wooden_pickaxe":59,"minecraft:torch":93,"tetra:modular_sword":4,"minecraft:crafting_table":8,"tetra:modular_double":540,"valhelsia_furniture:hay_dark_oak_chair":1,"minecraft:bread":2,"operation_otsutsuki:ultimate_ramen":4,"minecraft:gravel":29,"minecraft:stone_axe":25,"minecraft:cobblestone":61,"minecraft:furnace":6,"minecraft:cooked_porkchop":4,"tombstone:gift":2,"minecraft:cooked_beef":2,"minecraft:cobbled_deepslate":46},"minecraft:picked_up":{"minecraft:crafting_table":8,"operation_otsutsuki:wind_release":1,"minecraft:leather":11,"valhelsia_furniture:hay_dark_oak_chair":1,"minecraft:enchanted_book":1,"minecraft:flint":3,"minecraft:oak_log":54,"minecraft:string":4,"minecraft:raw_copper":87,"minecraft:compass":1,"minecraft:bone":7,"minecraft:wheat_seeds":3,"minecraft:cobbled_deepslate":131,"minecraft:raw_gold":4,"minecraft:beef":7,"minecraft:coal_block":3,"minecraft:sugar_cane":20,"minecraft:oak_planks":3,"minecraft:furnace":2,"minecraft:raw_iron":79,"minecraft:cooked_porkchop":1,"minecraft:torch":3,"minecraft:raw_iron_block":5,"minecraft:gravel":40,"minecraft:porkchop":67,"minecraft:blast_furnace":2,"tombstone:grave_dust":2,"minecraft:diorite":1,"minecraft:carrot":10,"minecraft:arrow":16,"minecraft:rotten_flesh":5,"tetra:geode":6,"minecraft:diamond":1,"minecraft:hay_block":6,"minecraft:brick_stairs":1,"minecraft:mutton":6,"minecraft:coal":156,"minecraft:white_wool":5,"minecraft:cobblestone":92}},"DataVersion":3120}