{"stats":{"minecraft:broken":{"minecraft:wooden_pickaxe":1},"minecraft:killed":{"minecraft:skeleton":2,"minecraft:sheep":4,"minecraft:zombie":4,"minecraft:pig":19,"minecraft:cow":3},"minecraft:crafted":{"minecraft:oak_planks":24,"minecraft:cooked_porkchop":3,"minecraft:crafting_table":2,"minecraft:stick":20,"minecraft:iron_ingot":10,"minecraft:wooden_pickaxe":1,"minecraft:stone_pickaxe":1,"minecraft:stone_sword":1,"minecraft:furnace":1,"minecraft:torch":36,"minecraft:stone_axe":1,"tetra:modular_double":2,"minecraft:air":0},"minecraft:custom":{"minecraft:time_since_rest":18586,"minecraft:interact_with_furnace":6,"minecraft:sprint_one_cm":53674,"minecraft:damage_taken":313,"minecraft:walk_one_cm":36748,"minecraft:mob_kills":32,"minecraft:drop":1,"minecraft:damage_dealt":3692,"minecraft:interact_with_crafting_table":12,"minecraft:swim_one_cm":13449,"minecraft:fly_one_cm":60199,"minecraft:open_chest":1,"minecraft:crouch_one_cm":58,"minecraft:play_time":18586,"tombstone:undead_killed":6,"minecraft:sneak_time":56,"minecraft:walk_under_water_one_cm":4727,"minecraft:jump":384,"minecraft:time_since_death":18586,"minecraft:walk_on_water_one_cm":9500,"minecraft:total_world_time":18586,"minecraft:fall_one_cm":10303},"minecraft:dropped":{"minecraft:wheat_seeds":1},"minecraft:mined":{"minecraft:furnace":2,"tetra:basic_workbench":2,"minecraft:iron_ore":10,"minecraft:crafting_table":3,"minecraft:grass":13,"minecraft:coal_ore":95,"minecraft:oak_log":22,"minecraft:gravel":43,"minecraft:copper_ore":14,"minecraft:stone":59,"minecraft:wall_torch":2},"minecraft:used":{"minecraft:bread":1,"minecraft:stone_pickaxe":85,"operation_otsutsuki:ultimate_ramen":2,"minecraft:wooden_pickaxe":59,"minecraft:stone_axe":25,"minecraft:torch":23,"minecraft:cobblestone":12,"minecraft:crafting_table":5,"minecraft:furnace":2,"minecraft:cooked_porkchop":1,"tetra:modular_double":104},"minecraft:picked_up":{"minecraft:crafting_table":5,"minecraft:raw_iron":10,"minecraft:cooked_porkchop":1,"minecraft:leather":4,"minecraft:torch":2,"minecraft:gravel":40,"minecraft:porkchop":46,"minecraft:flint":3,"minecraft:oak_log":22,"tombstone:grave_dust":2,"minecraft:raw_copper":49,"minecraft:arrow":2,"minecraft:bone":4,"minecraft:rotten_flesh":5,"minecraft:wheat_seeds":2,"minecraft:beef":7,"minecraft:oak_planks":3,"minecraft:coal":105,"minecraft:mutton":6,"minecraft:white_wool":4,"minecraft:cobblestone":59,"minecraft:furnace":2}},"DataVersion":3120}