{"stats":{"minecraft:broken":{"minecraft:wooden_pickaxe":1},"minecraft:killed":{"minecraft:pig":19,"operation_otsutsuki:kabuto":1,"minecraft:sheep":4,"minecraft:skeleton":4,"minecraft:zombie":4,"minecraft:cow":3},"minecraft:crafted":{"minecraft:cooked_beef":7,"minecraft:oak_planks":36,"minecraft:cooked_porkchop":3,"minecraft:crafting_table":2,"minecraft:wooden_pickaxe":1,"minecraft:iron_helmet":1,"minecraft:furnace":4,"minecraft:copper_ingot":26,"minecraft:stone_axe":1,"minecraft:cooked_mutton":6,"minecraft:air":0,"minecraft:iron_boots":1,"minecraft:stick":44,"minecraft:iron_ingot":74,"minecraft:stone_pickaxe":1,"minecraft:stone_sword":1,"minecraft:gold_ingot":7,"minecraft:torch":100,"tetra:modular_double":2},"minecraft:custom":{"minecraft:interact_with_furnace":42,"minecraft:mob_kills":36,"minecraft:interact_with_crafting_table":19,"minecraft:time_since_death":42586,"minecraft:time_since_rest":42586,"minecraft:sprint_one_cm":114368,"minecraft:damage_taken":643,"minecraft:walk_one_cm":80162,"minecraft:drop":4,"minecraft:damage_dealt":5623,"minecraft:swim_one_cm":13449,"minecraft:fly_one_cm":184607,"minecraft:open_chest":1,"minecraft:crouch_one_cm":4123,"minecraft:play_time":42586,"tombstone:undead_killed":8,"minecraft:sneak_time":2065,"minecraft:walk_under_water_one_cm":5062,"minecraft:jump":1003,"minecraft:walk_on_water_one_cm":12986,"minecraft:total_world_time":42586,"minecraft:fall_one_cm":30231},"minecraft:dropped":{"minecraft:wheat_seeds":2,"minecraft:raw_iron":1,"minecraft:rotten_flesh":5},"minecraft:mined":{"minecraft:deepslate_diamond_ore":1,"tetra:block_geode":6,"minecraft:crafting_table":4,"minecraft:copper_ore":14,"minecraft:cobblestone":4,"minecraft:deepslate_gold_ore":4,"minecraft:diorite":1,"minecraft:wall_torch":2,"minecraft:furnace":6,"tetra:basic_workbench":4,"minecraft:iron_ore":30,"minecraft:grass":13,"minecraft:oak_log":22,"minecraft:coal_ore":106,"minecraft:deepslate_iron_ore":45,"minecraft:gravel":43,"minecraft:stone":80,"minecraft:deepslate":135},"minecraft:used":{"minecraft:diorite":1,"minecraft:stone_pickaxe":85,"minecraft:wooden_pickaxe":59,"minecraft:torch":80,"minecraft:crafting_table":8,"tetra:modular_double":397,"minecraft:bread":2,"operation_otsutsuki:ultimate_ramen":4,"minecraft:gravel":29,"minecraft:stone_axe":25,"minecraft:cobblestone":61,"minecraft:furnace":6,"minecraft:cooked_porkchop":4,"minecraft:cobbled_deepslate":45},"minecraft:picked_up":{"minecraft:crafting_table":8,"minecraft:leather":4,"minecraft:flint":3,"minecraft:oak_log":22,"minecraft:raw_copper":68,"minecraft:compass":1,"minecraft:bone":6,"minecraft:wheat_seeds":2,"minecraft:cobbled_deepslate":131,"minecraft:raw_gold":4,"minecraft:beef":7,"minecraft:oak_planks":3,"minecraft:furnace":2,"minecraft:raw_iron":76,"minecraft:cooked_porkchop":1,"minecraft:torch":2,"minecraft:gravel":40,"minecraft:porkchop":46,"tombstone:grave_dust":2,"minecraft:diorite":1,"minecraft:arrow":4,"minecraft:rotten_flesh":5,"tetra:geode":6,"minecraft:diamond":1,"minecraft:mutton":6,"minecraft:coal":116,"minecraft:white_wool":4,"minecraft:cobblestone":91}},"DataVersion":3120}