{"stats":{"minecraft:broken":{"minecraft:wooden_pickaxe":1},"minecraft:killed":{"minecraft:sheep":3,"minecraft:pig":5,"minecraft:cow":3},"minecraft:crafted":{"minecraft:oak_planks":24,"minecraft:crafting_table":1,"minecraft:stick":4,"minecraft:wooden_pickaxe":1,"minecraft:stone_pickaxe":1},"minecraft:custom":{"minecraft:time_since_rest":6586,"minecraft:sprint_one_cm":25301,"minecraft:walk_one_cm":16656,"minecraft:mob_kills":11,"minecraft:drop":1,"minecraft:damage_dealt":1130,"minecraft:interact_with_crafting_table":2,"minecraft:swim_one_cm":2480,"minecraft:fly_one_cm":25350,"minecraft:open_chest":1,"minecraft:play_time":6586,"minecraft:sneak_time":5,"minecraft:walk_under_water_one_cm":237,"minecraft:jump":136,"minecraft:time_since_death":6586,"minecraft:walk_on_water_one_cm":1148,"minecraft:total_world_time":6586,"minecraft:fall_one_cm":3888},"minecraft:dropped":{"minecraft:wheat_seeds":1},"minecraft:mined":{"minecraft:iron_ore":2,"minecraft:crafting_table":1,"minecraft:grass":8,"minecraft:oak_log":6,"minecraft:gravel":43,"minecraft:stone":59},"minecraft:used":{"minecraft:bread":1,"minecraft:stone_pickaxe":27,"minecraft:wooden_pickaxe":59,"minecraft:crafting_table":1},"minecraft:picked_up":{"minecraft:crafting_table":1,"minecraft:raw_iron":2,"minecraft:leather":4,"minecraft:gravel":40,"minecraft:porkchop":10,"minecraft:flint":3,"minecraft:oak_log":6,"minecraft:wheat_seeds":1,"minecraft:beef":7,"minecraft:mutton":5,"minecraft:white_wool":3,"minecraft:cobblestone":59}},"DataVersion":3120}