{"stats":{"minecraft:broken":{"minecraft:wooden_pickaxe":1},"minecraft:killed":{"minecraft:pig":19,"operation_otsutsuki:kabuto":1,"minecraft:sheep":4,"minecraft:skeleton":3,"minecraft:zombie":4,"minecraft:cow":3},"minecraft:crafted":{"minecraft:oak_planks":36,"minecraft:cooked_porkchop":3,"minecraft:crafting_table":2,"minecraft:wooden_pickaxe":1,"minecraft:furnace":4,"minecraft:stone_axe":1,"minecraft:air":0,"minecraft:stick":44,"minecraft:iron_ingot":41,"minecraft:stone_pickaxe":1,"minecraft:stone_sword":1,"minecraft:torch":100,"tetra:modular_double":2},"minecraft:custom":{"minecraft:interact_with_furnace":11,"minecraft:mob_kills":35,"minecraft:interact_with_crafting_table":14,"minecraft:time_since_death":30586,"minecraft:time_since_rest":30586,"minecraft:sprint_one_cm":74884,"minecraft:damage_taken":583,"minecraft:walk_one_cm":64996,"minecraft:drop":1,"minecraft:damage_dealt":5493,"minecraft:swim_one_cm":13449,"minecraft:fly_one_cm":86382,"minecraft:open_chest":1,"minecraft:crouch_one_cm":2950,"minecraft:play_time":30586,"tombstone:undead_killed":7,"minecraft:sneak_time":1588,"minecraft:walk_under_water_one_cm":5062,"minecraft:jump":637,"minecraft:walk_on_water_one_cm":12347,"minecraft:total_world_time":30586,"minecraft:fall_one_cm":21924},"minecraft:dropped":{"minecraft:wheat_seeds":1},"minecraft:mined":{"minecraft:deepslate_diamond_ore":1,"tetra:block_geode":5,"minecraft:crafting_table":3,"minecraft:copper_ore":14,"minecraft:cobblestone":4,"minecraft:diorite":1,"minecraft:wall_torch":2,"minecraft:furnace":2,"tetra:basic_workbench":2,"minecraft:iron_ore":30,"minecraft:grass":13,"minecraft:oak_log":22,"minecraft:coal_ore":106,"minecraft:deepslate_iron_ore":42,"minecraft:gravel":43,"minecraft:stone":80,"minecraft:deepslate":125},"minecraft:used":{"minecraft:diorite":1,"minecraft:stone_pickaxe":85,"minecraft:wooden_pickaxe":59,"minecraft:torch":53,"minecraft:crafting_table":7,"tetra:modular_double":370,"minecraft:bread":2,"operation_otsutsuki:ultimate_ramen":4,"minecraft:gravel":29,"minecraft:stone_axe":25,"minecraft:cobblestone":61,"minecraft:furnace":5,"minecraft:cooked_porkchop":1},"minecraft:picked_up":{"minecraft:crafting_table":5,"minecraft:leather":4,"minecraft:flint":3,"minecraft:oak_log":22,"minecraft:raw_copper":49,"minecraft:bone":4,"minecraft:wheat_seeds":2,"minecraft:cobbled_deepslate":122,"minecraft:beef":7,"minecraft:oak_planks":3,"minecraft:furnace":2,"minecraft:raw_iron":72,"minecraft:cooked_porkchop":1,"minecraft:torch":2,"minecraft:gravel":40,"minecraft:porkchop":46,"tombstone:grave_dust":2,"minecraft:diorite":1,"minecraft:arrow":4,"minecraft:rotten_flesh":5,"tetra:geode":5,"minecraft:diamond":1,"minecraft:mutton":6,"minecraft:coal":116,"minecraft:white_wool":4,"minecraft:cobblestone":91}},"DataVersion":3120}