{"stats":{"minecraft:killed":{"minecraft:cow":2},"minecraft:custom":{"minecraft:jump":68,"minecraft:open_chest":1,"minecraft:time_since_rest":9439,"minecraft:damage_dealt":189,"minecraft:sprint_one_cm":2776,"minecraft:play_time":9439,"minecraft:time_since_death":9439,"minecraft:walk_one_cm":51556,"minecraft:climb_one_cm":2134,"minecraft:total_world_time":9439,"minecraft:mob_kills":2,"minecraft:fall_one_cm":209,"minecraft:fly_one_cm":299},"minecraft:mined":{"minecraft:grass":9},"minecraft:used":{"operation_otsutsuki:basic_clothing_leggings":1,"operation_otsutsuki:basic_clothing_chestplate":1},"minecraft:picked_up":{"minecraft:beef":2}},"DataVersion":3120}