{"stats":{"minecraft:killed":{"minecraft:pig":18,"minecraft:spider":1,"operation_otsutsuki:rogue_ninja":8,"minecraft:sheep":3,"minecraft:zombie":1,"minecraft:cow":2},"minecraft:crafted":{"minecraft:cooked_beef":2,"minecraft:oak_planks":8,"minecraft:crafting_table":2,"minecraft:wooden_pickaxe":1,"minecraft:birch_boat":1,"minecraft:cooked_chicken":1,"minecraft:iron_sword":1,"minecraft:furnace":1,"minecraft:birch_planks":44,"minecraft:air":0,"minecraft:stick":24,"minecraft:iron_ingot":4,"minecraft:stone_pickaxe":2,"minecraft:wooden_axe":1,"minecraft:birch_door":3},"minecraft:killed_by":{"operation_otsutsuki:rogue_ninja":9,"operation_otsutsuki:kabuto":1,"minecraft:skeleton":4},"minecraft:custom":{"minecraft:interact_with_furnace":6,"minecraft:mob_kills":35,"minecraft:interact_with_crafting_table":11,"minecraft:time_since_death":1256,"minecraft:sleep_in_bed":1,"minecraft:climb_one_cm":3382,"minecraft:time_since_rest":955,"minecraft:sprint_one_cm":83740,"minecraft:damage_taken":4745,"minecraft:walk_one_cm":684624,"minecraft:drop":2,"minecraft:damage_dealt":4551,"minecraft:talked_to_villager":1,"minecraft:fly_one_cm":15287,"minecraft:open_chest":3,"minecraft:crouch_one_cm":13,"minecraft:play_time":105439,"tombstone:undead_killed":1,"minecraft:deaths":16,"minecraft:sneak_time":39,"minecraft:walk_under_water_one_cm":14445,"minecraft:boat_one_cm":82361,"minecraft:jump":1067,"minecraft:walk_on_water_one_cm":14973,"minecraft:total_world_time":105439,"minecraft:fall_one_cm":7184},"minecraft:dropped":{"operation_otsutsuki:earth_release":1,"operation_otsutsuki:wind_release":1},"minecraft:mined":{"farmersdelight:wild_carrots":9,"minecraft:dandelion":1,"minecraft:crafting_table":1,"minecraft:grass_block":4,"minecraft:tall_grass":16,"minecraft:birch_log":11,"minecraft:iron_ore":8,"minecraft:birch_leaves":4,"minecraft:grass":128,"minecraft:oak_log":3,"minecraft:coal_ore":9,"minecraft:dirt":4,"minecraft:stripped_oak_log":1,"minecraft:stone":29,"minecraft:oak_leaves":2},"minecraft:used":{"minecraft:stone_pickaxe":45,"operation_otsutsuki:basic_clothing_chestplate":1,"minecraft:wooden_pickaxe":11,"minecraft:birch_boat":1,"minecraft:iron_sword":103,"minecraft:dirt":8,"minecraft:crafting_table":3,"minecraft:carrot":2,"operation_otsutsuki:basic_clothing_leggings":1,"minecraft:birch_door":1,"tombstone:bag_of_seeds":2,"minecraft:wooden_axe":4,"tombstone:grave_key":22,"minecraft:cobblestone":4,"minecraft:furnace":1,"tombstone:gift":3,"minecraft:cooked_beef":2,"minecraft:dandelion":1},"minecraft:picked_up":{"minecraft:stripped_oak_log":1,"minecraft:birch_log":11,"minecraft:crafting_table":2,"minecraft:feather":1,"operation_otsutsuki:wind_release":1,"minecraft:chicken":1,"minecraft:oak_log":3,"minecraft:dirt":8,"minecraft:wheat_seeds":16,"minecraft:beef":2,"tombstone:bag_of_seeds":1,"operation_otsutsuki:earth_release":1,"minecraft:light_gray_wool":1,"minecraft:egg":1,"minecraft:raw_iron":8,"minecraft:dandelion":1,"minecraft:porkchop":36,"minecraft:carrot":9,"minecraft:mutton":7,"minecraft:coal":9,"minecraft:white_wool":2,"minecraft:cobblestone":29}},"DataVersion":3120}