{"stats":{"minecraft:killed":{"minecraft:zombie":1,"minecraft:cow":2},"minecraft:killed_by":{"minecraft:skeleton":1},"minecraft:custom":{"minecraft:time_since_rest":2988,"minecraft:open_chest":1,"minecraft:deaths":1,"minecraft:play_time":21439,"minecraft:sprint_one_cm":9129,"minecraft:damage_taken":241,"tombstone:undead_killed":1,"minecraft:walk_one_cm":125108,"minecraft:mob_kills":4,"minecraft:jump":191,"minecraft:damage_dealt":318,"minecraft:time_since_death":4039,"minecraft:total_world_time":21439,"minecraft:climb_one_cm":2134,"minecraft:fall_one_cm":1773,"minecraft:fly_one_cm":1951},"minecraft:mined":{"minecraft:grass":9,"minecraft:dandelion":1},"minecraft:used":{"tombstone:bag_of_seeds":2,"operation_otsutsuki:basic_clothing_leggings":1,"operation_otsutsuki:basic_clothing_chestplate":1,"tombstone:grave_key":7,"minecraft:dandelion":1},"minecraft:picked_up":{"minecraft:feather":1,"minecraft:chicken":1,"minecraft:wheat_seeds":1,"minecraft:dandelion":1,"minecraft:beef":2,"tombstone:bag_of_seeds":1}},"DataVersion":3120}