{"stats":{"minecraft:killed":{"minecraft:pig":16,"minecraft:zombie":1,"minecraft:cow":2,"operation_otsutsuki:rogue_ninja":1},"minecraft:crafted":{"minecraft:cooked_beef":2,"minecraft:oak_planks":8,"minecraft:crafting_table":2,"minecraft:stick":24,"minecraft:birch_boat":1,"minecraft:iron_ingot":4,"minecraft:wooden_pickaxe":1,"minecraft:cooked_chicken":1,"minecraft:stone_pickaxe":2,"minecraft:wooden_axe":1,"minecraft:iron_sword":1,"minecraft:furnace":1,"minecraft:birch_door":3,"minecraft:birch_planks":44,"minecraft:air":0},"minecraft:killed_by":{"minecraft:skeleton":1},"minecraft:custom":{"minecraft:time_since_rest":50988,"minecraft:interact_with_furnace":6,"minecraft:sprint_one_cm":77665,"minecraft:damage_taken":317,"minecraft:walk_one_cm":388405,"minecraft:mob_kills":21,"minecraft:drop":1,"minecraft:damage_dealt":2174,"minecraft:talked_to_villager":1,"minecraft:interact_with_crafting_table":11,"minecraft:fly_one_cm":7238,"minecraft:open_chest":3,"minecraft:crouch_one_cm":13,"minecraft:play_time":69439,"tombstone:undead_killed":1,"minecraft:deaths":1,"minecraft:sneak_time":2,"minecraft:boat_one_cm":82361,"minecraft:jump":559,"minecraft:time_since_death":52039,"minecraft:walk_on_water_one_cm":1424,"minecraft:climb_one_cm":3382,"minecraft:total_world_time":69439,"minecraft:fall_one_cm":4266},"minecraft:dropped":{"operation_otsutsuki:earth_release":1},"minecraft:mined":{"minecraft:iron_ore":4,"minecraft:birch_log":11,"farmersdelight:wild_carrots":9,"minecraft:birch_leaves":4,"minecraft:dandelion":1,"minecraft:crafting_table":1,"minecraft:grass":89,"minecraft:oak_log":3,"minecraft:stripped_oak_log":1,"minecraft:tall_grass":7,"minecraft:stone":26,"minecraft:oak_leaves":1},"minecraft:used":{"tombstone:bag_of_seeds":2,"minecraft:wooden_axe":4,"minecraft:stone_pickaxe":34,"operation_otsutsuki:basic_clothing_chestplate":1,"minecraft:birch_boat":1,"minecraft:wooden_pickaxe":6,"minecraft:iron_sword":22,"tombstone:grave_key":7,"minecraft:cobblestone":4,"minecraft:crafting_table":3,"minecraft:furnace":1,"operation_otsutsuki:basic_clothing_leggings":1,"minecraft:cooked_beef":2,"minecraft:dandelion":1,"minecraft:birch_door":1},"minecraft:picked_up":{"minecraft:birch_log":11,"minecraft:raw_iron":4,"minecraft:crafting_table":2,"minecraft:feather":1,"minecraft:chicken":1,"minecraft:dandelion":1,"minecraft:porkchop":33,"minecraft:oak_log":3,"minecraft:carrot":9,"minecraft:wheat_seeds":12,"minecraft:beef":2,"operation_otsutsuki:earth_release":1,"tombstone:bag_of_seeds":1,"minecraft:stripped_oak_log":1,"minecraft:cobblestone":26}},"DataVersion":3120}