{"stats":{"minecraft:custom":{"minecraft:time_since_rest":17525,"minecraft:crouch_one_cm":672,"minecraft:sprint_one_cm":5252,"minecraft:play_time":17525,"minecraft:walk_one_cm":4804,"minecraft:sneak_time":576,"minecraft:jump":34,"minecraft:leave_game":16,"minecraft:time_since_death":17525,"minecraft:total_world_time":17525,"minecraft:fall_one_cm":536,"minecraft:fly_one_cm":2065},"minecraft:mined":{"minecraft:grass":3,"minecraft:grass_block":1,"minecraft:oak_log":5,"minecraft:dirt":2,"minecraft:birch_log":1,"minecraft:oak_leaves":1},"minecraft:used":{"minecraft:dirt":3,"minecraft:birch_log":1,"operation_otsutsuki:basic_clothing_chestplate":1},"minecraft:picked_up":{"minecraft:birch_log":1,"minecraft:wheat_seeds":1,"minecraft:oak_log":10,"minecraft:dirt":3}},"DataVersion":3120}