{"stats":{"minecraft:custom":{"minecraft:jump":15,"minecraft:time_since_rest":12020,"minecraft:leave_game":11,"minecraft:crouch_one_cm":664,"minecraft:play_time":12020,"minecraft:sprint_one_cm":1724,"minecraft:time_since_death":12020,"minecraft:walk_one_cm":3284,"minecraft:sneak_time":569,"minecraft:total_world_time":12020,"minecraft:fly_one_cm":306},"minecraft:mined":{"minecraft:grass":1,"minecraft:grass_block":1,"minecraft:oak_log":5,"minecraft:oak_leaves":1,"minecraft:dirt":2},"minecraft:used":{"operation_otsutsuki:basic_clothing_chestplate":1,"minecraft:dirt":3},"minecraft:picked_up":{"minecraft:oak_log":10,"minecraft:wheat_seeds":1,"minecraft:dirt":3}},"DataVersion":3120}