{"stats":{"minecraft:custom":{"minecraft:jump":1,"minecraft:time_since_rest":7157,"minecraft:leave_game":6,"minecraft:crouch_one_cm":189,"minecraft:play_time":7157,"minecraft:sprint_one_cm":1305,"minecraft:time_since_death":7157,"minecraft:walk_one_cm":1510,"minecraft:sneak_time":111,"minecraft:total_world_time":7157,"minecraft:fly_one_cm":55},"minecraft:mined":{"minecraft:oak_log":5,"minecraft:oak_leaves":1},"minecraft:used":{"operation_otsutsuki:basic_clothing_chestplate":1},"minecraft:picked_up":{"minecraft:oak_log":5}},"DataVersion":3120}