{"stats":{"minecraft:custom":{"minecraft:time_since_rest":19599,"minecraft:crouch_one_cm":704,"minecraft:sprint_one_cm":7855,"minecraft:play_time":19599,"minecraft:walk_one_cm":6653,"minecraft:sneak_time":586,"minecraft:jump":40,"minecraft:leave_game":18,"minecraft:walk_on_water_one_cm":435,"minecraft:time_since_death":19599,"minecraft:total_world_time":19599,"minecraft:fall_one_cm":536,"minecraft:fly_one_cm":4170},"minecraft:mined":{"minecraft:grass":3,"minecraft:grass_block":1,"minecraft:oak_log":5,"minecraft:dirt":2,"minecraft:birch_log":1,"minecraft:oak_leaves":6},"minecraft:used":{"minecraft:dirt":3,"minecraft:birch_log":1,"operation_otsutsuki:basic_clothing_chestplate":1},"minecraft:picked_up":{"minecraft:birch_log":1,"minecraft:wheat_seeds":1,"minecraft:oak_log":10,"minecraft:dirt":3}},"DataVersion":3120}