{"stats":{"minecraft:killed":{"minecraft:sheep":2,"minecraft:iron_golem":1,"minecraft:villager":1,"operation_otsutsuki:rogue_ninja":2},"minecraft:crafted":{"minecraft:crafting_table":1,"minecraft:stick":8,"minecraft:wooden_pickaxe":1,"minecraft:stone_pickaxe":1,"minecraft:stone_sword":1,"minecraft:birch_planks":12,"minecraft:stone_axe":1},"minecraft:killed_by":{"minecraft:skeleton":1},"minecraft:custom":{"minecraft:time_since_rest":6897,"minecraft:sprint_one_cm":14124,"minecraft:damage_taken":605,"minecraft:walk_one_cm":49116,"minecraft:mob_kills":6,"minecraft:damage_dealt":1484,"minecraft:swim_one_cm":648,"minecraft:interact_with_crafting_table":5,"minecraft:fly_one_cm":9503,"minecraft:open_chest":1,"minecraft:crouch_one_cm":2447,"minecraft:play_time":11929,"minecraft:deaths":1,"minecraft:sneak_time":598,"minecraft:walk_under_water_one_cm":1010,"tombstone:villager_killed":1,"minecraft:jump":106,"minecraft:walk_on_water_one_cm":4985,"minecraft:time_since_death":7593,"minecraft:total_world_time":11929,"minecraft:climb_one_cm":1144,"minecraft:fall_one_cm":2260},"minecraft:mined":{"minecraft:carrots":2,"minecraft:mossy_cobblestone":1,"minecraft:birch_log":3,"minecraft:wheat":15,"minecraft:grass":5,"minecraft:potatoes":6,"minecraft:beetroots":2,"minecraft:tall_grass":1,"minecraft:cobblestone":18,"minecraft:sugar_cane":5,"minecraft:oak_leaves":1},"minecraft:used":{"minecraft:stone_sword":23,"minecraft:stone_pickaxe":16,"operation_otsutsuki:basic_clothing_chestplate":1,"operation_otsutsuki:ultimate_ramen":1,"minecraft:wooden_pickaxe":3,"minecraft:stone_axe":11,"minecraft:cobblestone":3,"minecraft:crafting_table":1,"minecraft:carrot":2,"operation_otsutsuki:basic_clothing_leggings":1},"minecraft:picked_up":{"minecraft:birch_log":3,"minecraft:ladder":1,"minecraft:potato":6,"minecraft:carrot":5,"minecraft:mossy_cobblestone":1,"minecraft:string":1,"minecraft:rotten_flesh":3,"minecraft:beetroot_seeds":2,"minecraft:wheat_seeds":16,"minecraft:iron_ingot":3,"minecraft:poppy":1,"minecraft:sugar_cane":15,"minecraft:mutton":3,"minecraft:white_wool":2,"minecraft:cobblestone":18}},"DataVersion":3120}