{"stats":{"minecraft:killed":{"minecraft:pig":15,"minecraft:iron_golem":1,"operation_otsutsuki:rogue_ninja":3,"minecraft:sheep":3,"minecraft:villager":1,"minecraft:cow":5},"minecraft:crafted":{"minecraft:cooked_porkchop":8,"minecraft:crafting_table":2,"minecraft:wooden_pickaxe":1,"minecraft:birch_slab":12,"minecraft:furnace":1,"minecraft:birch_planks":24,"minecraft:stone_axe":1,"minecraft:bread":30,"minecraft:air":0,"minecraft:stick":12,"minecraft:stone_pickaxe":1,"minecraft:stone_sword":1,"minecraft:stone_hoe":1,"minecraft:wheat":90},"minecraft:killed_by":{"minecraft:skeleton":1},"minecraft:custom":{"minecraft:interact_with_furnace":8,"minecraft:mob_kills":28,"minecraft:interact_with_crafting_table":9,"minecraft:bell_ring":18,"minecraft:time_since_death":19593,"minecraft:sleep_in_bed":1,"minecraft:climb_one_cm":1144,"minecraft:time_since_rest":1090,"minecraft:sprint_one_cm":37088,"minecraft:damage_taken":668,"minecraft:walk_one_cm":94137,"minecraft:drop":1,"minecraft:damage_dealt":3754,"minecraft:swim_one_cm":648,"minecraft:fly_one_cm":44848,"minecraft:open_chest":1,"minecraft:crouch_one_cm":2706,"minecraft:play_time":23929,"minecraft:deaths":1,"minecraft:sneak_time":786,"minecraft:walk_under_water_one_cm":7118,"tombstone:villager_killed":1,"minecraft:jump":329,"minecraft:walk_on_water_one_cm":7004,"minecraft:total_world_time":23929,"minecraft:fall_one_cm":6314},"minecraft:dropped":{"minecraft:wooden_pickaxe":1},"minecraft:mined":{"minecraft:white_bed":3,"minecraft:mossy_cobblestone":1,"minecraft:crafting_table":1,"minecraft:cobblestone":21,"minecraft:tall_grass":4,"minecraft:sugar_cane":5,"minecraft:hay_block":10,"minecraft:furnace":1,"minecraft:carrots":2,"minecraft:birch_log":9,"minecraft:wheat":15,"minecraft:grass":12,"minecraft:coal_ore":1,"minecraft:potatoes":6,"minecraft:oak_log":10,"minecraft:beetroots":2,"minecraft:stripped_oak_log":8,"minecraft:stone":3,"minecraft:oak_leaves":1},"minecraft:used":{"minecraft:stone_sword":32,"minecraft:stone_pickaxe":24,"operation_otsutsuki:basic_clothing_chestplate":1,"minecraft:wooden_pickaxe":3,"minecraft:stone_hoe":10,"minecraft:crafting_table":2,"minecraft:carrot":2,"operation_otsutsuki:basic_clothing_leggings":1,"minecraft:white_bed":2,"minecraft:bread":2,"operation_otsutsuki:ultimate_ramen":1,"minecraft:stone_axe":76,"minecraft:cobblestone":3,"minecraft:furnace":1,"minecraft:cooked_porkchop":1,"tombstone:gift":2},"minecraft:picked_up":{"minecraft:stripped_oak_log":8,"minecraft:birch_log":8,"minecraft:crafting_table":1,"minecraft:ladder":1,"minecraft:leather":5,"minecraft:potato":6,"minecraft:oak_log":10,"minecraft:string":1,"minecraft:wheat_seeds":16,"minecraft:iron_ingot":3,"minecraft:beef":10,"minecraft:poppy":1,"minecraft:sugar_cane":15,"minecraft:furnace":1,"minecraft:cooked_porkchop":1,"minecraft:porkchop":47,"minecraft:white_bed":3,"minecraft:carrot":5,"minecraft:mossy_cobblestone":1,"minecraft:rotten_flesh":3,"minecraft:beetroot_seeds":2,"minecraft:hay_block":10,"minecraft:mutton":5,"minecraft:cobblestone":21,"minecraft:white_wool":3}},"DataVersion":3120}