{"stats":{"minecraft:killed":{"minecraft:pig":15,"minecraft:iron_golem":1,"operation_otsutsuki:rogue_ninja":3,"minecraft:sheep":3,"minecraft:zombie":25,"minecraft:villager":1,"minecraft:cow":5},"minecraft:crafted":{"minecraft:oak_planks":8,"minecraft:cobblestone_slab":6,"minecraft:cooked_porkchop":8,"minecraft:crafting_table":2,"minecraft:wooden_pickaxe":1,"minecraft:birch_slab":12,"minecraft:furnace":1,"minecraft:birch_planks":24,"minecraft:stone_axe":1,"minecraft:bread":30,"minecraft:air":0,"minecraft:stick":12,"minecraft:stone_pickaxe":1,"minecraft:stone_sword":1,"minecraft:chest":1,"minecraft:torch":8,"minecraft:stone_hoe":1,"minecraft:wheat":90},"minecraft:killed_by":{"minecraft:skeleton":1},"minecraft:custom":{"minecraft:interact_with_furnace":8,"minecraft:mob_kills":53,"minecraft:interact_with_crafting_table":13,"minecraft:bell_ring":18,"minecraft:time_since_death":31593,"minecraft:sleep_in_bed":1,"minecraft:climb_one_cm":1144,"minecraft:time_since_rest":13090,"minecraft:sprint_one_cm":37088,"minecraft:damage_taken":821,"minecraft:walk_one_cm":98273,"minecraft:drop":3,"minecraft:damage_dealt":7376,"minecraft:swim_one_cm":648,"minecraft:fly_one_cm":45204,"minecraft:open_chest":5,"minecraft:crouch_one_cm":8596,"minecraft:play_time":35929,"tombstone:undead_killed":25,"minecraft:deaths":1,"minecraft:sneak_time":2973,"minecraft:walk_under_water_one_cm":8182,"tombstone:villager_killed":1,"minecraft:jump":335,"minecraft:walk_on_water_one_cm":7218,"minecraft:total_world_time":35929,"minecraft:fall_one_cm":6314},"minecraft:dropped":{"minecraft:ladder":1,"tombstone:grave_dust":5,"minecraft:wooden_pickaxe":1},"minecraft:mined":{"minecraft:white_bed":3,"minecraft:mossy_cobblestone":5,"minecraft:crafting_table":2,"minecraft:torch":1,"minecraft:chest":1,"minecraft:cobblestone":25,"minecraft:tall_grass":4,"minecraft:sugar_cane":5,"minecraft:wall_torch":1,"minecraft:hay_block":10,"minecraft:furnace":1,"minecraft:carrots":2,"minecraft:birch_log":9,"minecraft:wheat":15,"minecraft:grass":12,"minecraft:coal_ore":17,"minecraft:potatoes":6,"minecraft:oak_log":10,"minecraft:cobblestone_slab":1,"minecraft:beetroots":2,"minecraft:stripped_oak_log":8,"minecraft:stone":19,"minecraft:oak_leaves":1},"minecraft:used":{"minecraft:stone_sword":127,"minecraft:birch_planks":1,"minecraft:stone_pickaxe":65,"operation_otsutsuki:basic_clothing_chestplate":1,"minecraft:chest":2,"minecraft:wooden_pickaxe":3,"minecraft:cobblestone_slab":3,"minecraft:stone_hoe":10,"minecraft:torch":4,"minecraft:crafting_table":4,"minecraft:carrot":2,"operation_otsutsuki:basic_clothing_leggings":1,"minecraft:white_bed":2,"minecraft:bread":2,"operation_otsutsuki:ultimate_ramen":1,"minecraft:stone_axe":78,"minecraft:cobblestone":8,"minecraft:furnace":2,"minecraft:cooked_porkchop":1,"tombstone:gift":4},"minecraft:picked_up":{"minecraft:stripped_oak_log":8,"minecraft:birch_log":8,"minecraft:crafting_table":2,"minecraft:ladder":2,"minecraft:leather":5,"minecraft:potato":6,"minecraft:oak_log":10,"minecraft:string":1,"minecraft:wheat_seeds":16,"minecraft:iron_ingot":3,"minecraft:beef":10,"tombstone:bag_of_seeds":2,"minecraft:cobblestone_slab":1,"minecraft:poppy":1,"minecraft:sugar_cane":15,"minecraft:chest":1,"minecraft:furnace":1,"minecraft:cooked_porkchop":1,"minecraft:torch":1,"minecraft:porkchop":47,"tombstone:grave_dust":14,"minecraft:white_bed":3,"minecraft:carrot":5,"minecraft:mossy_cobblestone":5,"tombstone:lollipop":2,"minecraft:bundle":2,"minecraft:rotten_flesh":17,"minecraft:beetroot_seeds":2,"minecraft:hay_block":10,"minecraft:mutton":5,"minecraft:coal":16,"minecraft:cobblestone":40,"minecraft:white_wool":3}},"DataVersion":3120}