{"stats":{"minecraft:broken":{"minecraft:stone_sword":1},"minecraft:killed":{"minecraft:pig":15,"minecraft:iron_golem":1,"operation_otsutsuki:rogue_ninja":4,"minecraft:sheep":3,"minecraft:zombie":40,"minecraft:villager":1,"minecraft:cow":5},"minecraft:crafted":{"minecraft:oak_planks":20,"minecraft:cobblestone_slab":6,"minecraft:oak_sign":3,"minecraft:cooked_porkchop":8,"minecraft:crafting_table":2,"minecraft:wooden_pickaxe":1,"minecraft:birch_slab":12,"minecraft:furnace":1,"minecraft:bucket":1,"minecraft:birch_planks":24,"minecraft:stone_axe":1,"minecraft:bread":30,"minecraft:air":0,"minecraft:stick":20,"minecraft:stone_pickaxe":1,"minecraft:stone_sword":2,"minecraft:chest":1,"minecraft:torch":8,"minecraft:stone_hoe":1,"minecraft:wheat":90},"minecraft:killed_by":{"minecraft:skeleton":1},"minecraft:custom":{"minecraft:interact_with_furnace":8,"minecraft:mob_kills":69,"minecraft:interact_with_crafting_table":16,"minecraft:bell_ring":18,"minecraft:time_since_death":79593,"minecraft:sleep_in_bed":3,"minecraft:climb_one_cm":1144,"minecraft:time_since_rest":34146,"minecraft:sprint_one_cm":58185,"minecraft:damage_taken":1356,"minecraft:walk_one_cm":111099,"minecraft:drop":5,"minecraft:damage_dealt":9746,"minecraft:swim_one_cm":33672,"minecraft:fly_one_cm":245763,"minecraft:open_chest":29,"minecraft:crouch_one_cm":12733,"minecraft:play_time":83929,"tombstone:undead_killed":40,"minecraft:deaths":1,"minecraft:sneak_time":5883,"minecraft:walk_under_water_one_cm":93385,"tombstone:villager_killed":1,"minecraft:jump":473,"minecraft:walk_on_water_one_cm":11951,"minecraft:total_world_time":83929,"minecraft:fall_one_cm":10329},"minecraft:dropped":{"operation_otsutsuki:earth_release":1,"minecraft:diorite":3,"minecraft:ladder":1,"tombstone:grave_dust":5,"minecraft:wooden_pickaxe":1},"minecraft:mined":{"minecraft:white_bed":3,"minecraft:mossy_cobblestone":5,"minecraft:mossy_stone_brick_slab":1,"minecraft:crafting_table":2,"minecraft:torch":1,"minecraft:grass_block":4,"minecraft:chest":1,"minecraft:cobblestone":26,"minecraft:tall_grass":4,"minecraft:sugar_cane":5,"minecraft:diorite":3,"minecraft:wall_torch":1,"minecraft:seagrass":5,"minecraft:hay_block":10,"minecraft:furnace":1,"minecraft:carrots":2,"minecraft:birch_log":9,"minecraft:wheat":15,"minecraft:grass":12,"minecraft:coal_ore":17,"minecraft:potatoes":6,"minecraft:oak_log":10,"minecraft:cobblestone_slab":3,"minecraft:beetroots":2,"minecraft:dirt":8,"minecraft:stripped_oak_log":8,"minecraft:stone":27,"minecraft:oak_leaves":1},"minecraft:used":{"minecraft:water_bucket":88,"minecraft:stone_sword":179,"minecraft:birch_planks":1,"minecraft:stone_pickaxe":80,"minecraft:oak_sign":1,"operation_otsutsuki:basic_clothing_chestplate":1,"minecraft:chest":2,"minecraft:wooden_pickaxe":3,"minecraft:cobblestone_slab":9,"minecraft:stone_hoe":10,"minecraft:torch":4,"minecraft:mossy_cobblestone":2,"minecraft:crafting_table":4,"minecraft:carrot":2,"operation_otsutsuki:basic_clothing_leggings":1,"minecraft:white_bed":3,"tombstone:bag_of_seeds":1,"minecraft:bread":14,"operation_otsutsuki:ultimate_ramen":1,"minecraft:stone_axe":78,"minecraft:cobblestone":23,"minecraft:furnace":2,"minecraft:cooked_porkchop":2,"minecraft:bucket":89,"tombstone:gift":4},"minecraft:picked_up":{"minecraft:stripped_oak_log":8,"minecraft:birch_log":8,"minecraft:crafting_table":2,"minecraft:ladder":2,"minecraft:leather":5,"minecraft:potato":6,"minecraft:oak_log":10,"minecraft:dirt":12,"minecraft:string":1,"minecraft:wheat_seeds":16,"operation_otsutsuki:earth_release":1,"minecraft:iron_ingot":3,"minecraft:beef":10,"tombstone:bag_of_seeds":2,"minecraft:cobblestone_slab":3,"minecraft:poppy":1,"minecraft:sugar_cane":15,"minecraft:chest":1,"minecraft:furnace":1,"minecraft:cooked_porkchop":1,"minecraft:torch":1,"minecraft:porkchop":47,"tombstone:grave_dust":18,"minecraft:diorite":3,"minecraft:white_bed":3,"minecraft:carrot":6,"minecraft:mossy_cobblestone":5,"tombstone:lollipop":4,"minecraft:bundle":3,"minecraft:rotten_flesh":25,"minecraft:beetroot_seeds":2,"minecraft:hay_block":10,"tombstone:magic_scroll":1,"minecraft:mutton":5,"minecraft:coal":16,"minecraft:cobblestone":48,"minecraft:white_wool":3}},"DataVersion":3120}