{
  "minecraft:recipes/food/cooked_mutton_from_campfire_cooking": {
    "criteria": {
      "has_mutton": "2024-10-27 05:33:55 +0000"
    },
    "done": true
  },
  "minecraft:recipes/building_blocks/purple_wool": {
    "criteria": {
      "has_white_wool": "2024-10-27 05:33:55 +0000"
    },
    "done": true
  },
  "valhelsia_furniture:recipes/valhelsia_furniture/white_fabric_desk_lamp": {
    "criteria": {
      "has_white_wool": "2024-10-27 05:33:55 +0000"
    },
    "done": true
  },
  "minecraft:recipes/redstone/lever": {
    "criteria": {
      "has_cobblestone": "2024-10-27 05:32:00 +0000"
    },
    "done": true
  },
  "valhelsia_structures:recipes/valhelsia_structures_main/white_sleeping_bag": {
    "criteria": {
      "has_white_wool": "2024-10-27 05:33:55 +0000"
    },
    "done": true
  },
  "minecraft:recipes/building_blocks/cobblestone_stairs_from_cobblestone_stonecutting": {
    "criteria": {
      "has_cobblestone": "2024-10-27 05:32:00 +0000"
    },
    "done": true
  },
  "minecraft:recipes/building_blocks/magenta_concrete_powder": {
    "criteria": {
      "has_gravel": "2024-10-27 05:33:36 +0000"
    },
    "done": true
  },
  "valhelsia_furniture:recipes/valhelsia_furniture/white_upholstered_crimson_chair": {
    "criteria": {
      "has_white_wool": "2024-10-27 05:33:55 +0000"
    },
    "done": true
  },
  "valhelsia_furniture:recipes/valhelsia_furniture/white_jungle_chair": {
    "criteria": {
      "has_white_wool": "2024-10-27 05:33:55 +0000"
    },
    "done": true
  },
  "tombstone:adventure/halloween": {
    "criteria": {
      "coded_trigger": "2024-10-27 05:28:39 +0000"
    },
    "done": true
  },
  "minecraft:recipes/decorations/white_bed": {
    "criteria": {
      "has_white_wool": "2024-10-27 05:33:55 +0000"
    },
    "done": true
  },
  "minecraft:recipes/building_blocks/lime_concrete_powder": {
    "criteria": {
      "has_gravel": "2024-10-27 05:33:36 +0000"
    },
    "done": true
  },
  "valhelsia_furniture:recipes/valhelsia_furniture/lime_upholstered_oak_chair": {
    "criteria": {
      "has_oak_planks": "2024-10-27 05:31:45 +0000"
    },
    "done": true
  },
  "minecraft:recipes/building_blocks/yellow_concrete_powder": {
    "criteria": {
      "has_gravel": "2024-10-27 05:33:36 +0000"
    },
    "done": true
  },
  "minecraft:recipes/combat/leather_helmet": {
    "criteria": {
      "has_leather": "2024-10-27 05:33:15 +0000"
    },
    "done": true
  },
  "minecraft:recipes/decorations/crafting_table": {
    "criteria": {
      "has_planks": "2024-10-27 05:31:45 +0000"
    },
    "done": true
  },
  "minecraft:recipes/building_blocks/magenta_wool": {
    "criteria": {
      "has_white_wool": "2024-10-27 05:33:55 +0000"
    },
    "done": true
  },
  "minecraft:recipes/decorations/campfire": {
    "criteria": {
      "has_stick": "2024-10-27 05:31:49 +0000"
    },
    "done": true
  },
  "valhelsia_furniture:recipes/valhelsia_furniture/light_gray_upholstered_oak_chair": {
    "criteria": {
      "has_oak_planks": "2024-10-27 05:31:45 +0000"
    },
    "done": true
  },
  "minecraft:recipes/decorations/ladder": {
    "criteria": {
      "has_stick": "2024-10-27 05:31:49 +0000"
    },
    "done": true
  },
  "minecraft:recipes/misc/map": {
    "criteria": {
      "has_compass": "2024-10-27 05:31:00 +0000"
    },
    "done": true
  },
  "minecraft:recipes/decorations/chest": {
    "criteria": {
      "has_lots_of_items": "2024-10-27 05:31:00 +0000"
    },
    "done": true
  },
  "minecraft:recipes/building_blocks/brown_concrete_powder": {
    "criteria": {
      "has_gravel": "2024-10-27 05:33:36 +0000"
    },
    "done": true
  },
  "minecraft:recipes/transportation/mangrove_boat": {
    "criteria": {
      "in_water": "2024-10-27 05:32:14 +0000"
    },
    "done": true
  },
  "valhelsia_furniture:recipes/valhelsia_furniture/white_upholstered_birch_chair": {
    "criteria": {
      "has_white_wool": "2024-10-27 05:33:55 +0000"
    },
    "done": true
  },
  "minecraft:recipes/tools/wooden_shovel": {
    "criteria": {
      "has_stick": "2024-10-27 05:31:49 +0000"
    },
    "done": true
  },
  "minecraft:recipes/decorations/torch": {
    "criteria": {
      "has_stone_pickaxe": "2024-10-27 05:32:05 +0000"
    },
    "done": true
  },
  "minecraft:recipes/building_blocks/cyan_wool": {
    "criteria": {
      "has_white_wool": "2024-10-27 05:33:55 +0000"
    },
    "done": true
  },
  "valhelsia_furniture:recipes/valhelsia_furniture/white_upholstered_acacia_chair": {
    "criteria": {
      "has_white_wool": "2024-10-27 05:33:55 +0000"
    },
    "done": true
  },
  "minecraft:recipes/misc/stick": {
    "criteria": {
      "has_planks": "2024-10-27 05:31:45 +0000"
    },
    "done": true
  },
  "valhelsia_furniture:recipes/valhelsia_furniture/white_upholstered_oak_stool": {
    "criteria": {
      "has_white_wool": "2024-10-27 05:33:55 +0000"
    },
    "done": true
  },
  "minecraft:recipes/transportation/spruce_boat": {
    "criteria": {
      "in_water": "2024-10-27 05:32:14 +0000"
    },
    "done": true
  },
  "valhelsia_furniture:recipes/valhelsia_furniture/green_upholstered_oak_chair": {
    "criteria": {
      "has_oak_planks": "2024-10-27 05:31:45 +0000"
    },
    "done": true
  },
  "minecraft:recipes/tools/flint_and_steel": {
    "criteria": {
      "has_flint": "2024-10-27 05:33:36 +0000"
    },
    "done": true
  },
  "valhelsia_furniture:recipes/valhelsia_furniture/gray_upholstered_oak_chair": {
    "criteria": {
      "has_oak_planks": "2024-10-27 05:31:45 +0000"
    },
    "done": true
  },
  "valhelsia_furniture:recipes/valhelsia_furniture/oak_desk_drawer": {
    "criteria": {
      "has_oak_planks": "2024-10-27 05:31:45 +0000"
    },
    "done": true
  },
  "minecraft:recipes/building_blocks/gray_wool": {
    "criteria": {
      "has_white_wool": "2024-10-27 05:33:55 +0000"
    },
    "done": true
  },
  "valhelsia_furniture:recipes/valhelsia_furniture/yellow_upholstered_oak_chair": {
    "criteria": {
      "has_oak_planks": "2024-10-27 05:31:45 +0000"
    },
    "done": true
  },
  "minecraft:husbandry/balanced_diet": {
    "criteria": {
      "bread": "2024-10-27 05:32:19 +0000"
    },
    "done": false
  },
  "valhelsia_furniture:recipes/valhelsia_furniture/white_upholstered_warped_chair": {
    "criteria": {
      "has_white_wool": "2024-10-27 05:33:55 +0000"
    },
    "done": true
  },
  "minecraft:recipes/tools/wooden_hoe": {
    "criteria": {
      "has_stick": "2024-10-27 05:31:49 +0000"
    },
    "done": true
  },
  "minecraft:recipes/building_blocks/cobblestone_slab": {
    "criteria": {
      "has_cobblestone": "2024-10-27 05:32:00 +0000"
    },
    "done": true
  },
  "minecraft:recipes/building_blocks/cobblestone_stairs": {
    "criteria": {
      "has_cobblestone": "2024-10-27 05:32:00 +0000"
    },
    "done": true
  },
  "minecraft:recipes/building_blocks/coarse_dirt": {
    "criteria": {
      "has_gravel": "2024-10-27 05:33:36 +0000"
    },
    "done": true
  },
  "farmersdelight:recipes/farmersdelight/cooking/beef_stew": {
    "criteria": {
      "has_any_ingredient": "2024-10-27 05:33:15 +0000"
    },
    "done": true
  },
  "valhelsia_furniture:recipes/valhelsia_furniture/white_upholstered_mangrove_stool": {
    "criteria": {
      "has_white_wool": "2024-10-27 05:33:55 +0000"
    },
    "done": true
  },
  "minecraft:recipes/decorations/white_banner": {
    "criteria": {
      "has_white_wool": "2024-10-27 05:33:55 +0000"
    },
    "done": true
  },
  "valhelsia_furniture:recipes/valhelsia_furniture/white_upholstered_jungle_stool": {
    "criteria": {
      "has_white_wool": "2024-10-27 05:33:55 +0000"
    },
    "done": true
  },
  "minecraft:recipes/building_blocks/light_gray_concrete_powder": {
    "criteria": {
      "has_gravel": "2024-10-27 05:33:36 +0000"
    },
    "done": true
  },
  "minecraft:recipes/building_blocks/light_blue_concrete_powder": {
    "criteria": {
      "has_gravel": "2024-10-27 05:33:36 +0000"
    },
    "done": true
  },
  "valhelsia_furniture:recipes/valhelsia_furniture/white_upholstered_spruce_stool": {
    "criteria": {
      "has_white_wool": "2024-10-27 05:33:55 +0000"
    },
    "done": true
  },
  "valhelsia_structures:recipes/valhelsia_structures_main/explorers_tent": {
    "criteria": {
      "has_leather": "2024-10-27 05:33:15 +0000"
    },
    "done": true
  },
  "minecraft:recipes/misc/leather_horse_armor": {
    "criteria": {
      "has_leather": "2024-10-27 05:33:15 +0000"
    },
    "done": true
  },
  "minecraft:recipes/combat/leather_leggings": {
    "criteria": {
      "has_leather": "2024-10-27 05:33:15 +0000"
    },
    "done": true
  },
  "minecraft:recipes/building_blocks/pink_concrete_powder": {
    "criteria": {
      "has_gravel": "2024-10-27 05:33:36 +0000"
    },
    "done": true
  },
  "valhelsia_furniture:recipes/valhelsia_furniture/orange_oak_chair": {
    "criteria": {
      "has_oak_planks": "2024-10-27 05:31:45 +0000"
    },
    "done": true
  },
  "minecraft:recipes/redstone/oak_fence_gate": {
    "criteria": {
      "has_planks": "2024-10-27 05:31:45 +0000"
    },
    "done": true
  },
  "minecraft:recipes/building_blocks/purple_concrete_powder": {
    "criteria": {
      "has_gravel": "2024-10-27 05:33:36 +0000"
    },
    "done": true
  },
  "valhelsia_furniture:recipes/valhelsia_furniture/white_upholstered_dark_oak_stool": {
    "criteria": {
      "has_white_wool": "2024-10-27 05:33:55 +0000"
    },
    "done": true
  },
  "valhelsia_furniture:recipes/valhelsia_furniture/white_spruce_chair": {
    "criteria": {
      "has_white_wool": "2024-10-27 05:33:55 +0000"
    },
    "done": true
  },
  "valhelsia_furniture:recipes/valhelsia_furniture/red_oak_chair": {
    "criteria": {
      "has_oak_planks": "2024-10-27 05:31:45 +0000"
    },
    "done": true
  },
  "minecraft:recipes/building_blocks/blue_wool": {
    "criteria": {
      "has_white_wool": "2024-10-27 05:33:55 +0000"
    },
    "done": true
  },
  "minecraft:story/mine_stone": {
    "criteria": {
      "get_stone": "2024-10-27 05:32:00 +0000"
    },
    "done": true
  },
  "minecraft:recipes/decorations/furnace": {
    "criteria": {
      "has_cobblestone": "2024-10-27 05:32:00 +0000"
    },
    "done": true
  },
  "valhelsia_furniture:recipes/valhelsia_furniture/white_curtain": {
    "criteria": {
      "has_item": "2024-10-27 05:33:55 +0000"
    },
    "done": true
  },
  "valhelsia_furniture:recipes/valhelsia_furniture/brown_upholstered_oak_chair": {
    "criteria": {
      "has_oak_planks": "2024-10-27 05:31:45 +0000"
    },
    "done": true
  },
  "valhelsia_furniture:recipes/valhelsia_furniture/magenta_oak_chair": {
    "criteria": {
      "has_oak_planks": "2024-10-27 05:31:45 +0000"
    },
    "done": true
  },
  "minecraft:recipes/misc/charcoal": {
    "criteria": {
      "has_log": "2024-10-27 05:30:39 +0000"
    },
    "done": true
  },
  "minecraft:recipes/building_blocks/orange_wool": {
    "criteria": {
      "has_white_wool": "2024-10-27 05:33:55 +0000"
    },
    "done": true
  },
  "minecraft:recipes/tools/wooden_pickaxe": {
    "criteria": {
      "has_stick": "2024-10-27 05:31:49 +0000"
    },
    "done": true
  },
  "minecraft:recipes/building_blocks/cobblestone_slab_from_cobblestone_stonecutting": {
    "criteria": {
      "has_cobblestone": "2024-10-27 05:32:00 +0000"
    },
    "done": true
  },
  "minecraft:husbandry/root": {
    "criteria": {
      "consumed_item": "2024-10-27 05:32:19 +0000"
    },
    "done": true
  },
  "minecraft:recipes/transportation/birch_boat": {
    "criteria": {
      "in_water": "2024-10-27 05:32:14 +0000"
    },
    "done": true
  },
  "valhelsia_furniture:recipes/valhelsia_furniture/white_mangrove_chair": {
    "criteria": {
      "has_white_wool": "2024-10-27 05:33:55 +0000"
    },
    "done": true
  },
  "valhelsia_furniture:recipes/valhelsia_furniture/blue_oak_chair": {
    "criteria": {
      "has_oak_planks": "2024-10-27 05:31:45 +0000"
    },
    "done": true
  },
  "minecraft:recipes/building_blocks/oak_stairs": {
    "criteria": {
      "has_planks": "2024-10-27 05:31:45 +0000"
    },
    "done": true
  },
  "minecraft:recipes/building_blocks/green_concrete_powder": {
    "criteria": {
      "has_gravel": "2024-10-27 05:33:36 +0000"
    },
    "done": true
  },
  "minecraft:recipes/transportation/acacia_boat": {
    "criteria": {
      "in_water": "2024-10-27 05:32:14 +0000"
    },
    "done": true
  },
  "farmersdelight:recipes/farmersdelight/cutting_board": {
    "criteria": {
      "has_stick": "2024-10-27 05:31:49 +0000"
    },
    "done": true
  },
  "valhelsia_furniture:recipes/valhelsia_furniture/white_upholstered_spruce_chair": {
    "criteria": {
      "has_white_wool": "2024-10-27 05:33:55 +0000"
    },
    "done": true
  },
  "minecraft:adventure/root": {
    "criteria": {
      "killed_something": "2024-10-27 05:31:17 +0000"
    },
    "done": true
  },
  "valhelsia_furniture:recipes/valhelsia_furniture/blue_upholstered_oak_chair": {
    "criteria": {
      "has_oak_planks": "2024-10-27 05:31:45 +0000"
    },
    "done": true
  },
  "valhelsia_furniture:recipes/valhelsia_furniture/white_upholstered_dark_oak_chair": {
    "criteria": {
      "has_white_wool": "2024-10-27 05:33:55 +0000"
    },
    "done": true
  },
  "minecraft:recipes/building_blocks/white_concrete_powder": {
    "criteria": {
      "has_gravel": "2024-10-27 05:33:36 +0000"
    },
    "done": true
  },
  "valhelsia_furniture:recipes/valhelsia_furniture/magenta_upholstered_oak_chair": {
    "criteria": {
      "has_oak_planks": "2024-10-27 05:31:45 +0000"
    },
    "done": true
  },
  "farmersdelight:main/root": {
    "criteria": {
      "seeds": "2024-10-27 05:28:39 +0000"
    },
    "done": true
  },
  "minecraft:recipes/decorations/item_frame": {
    "criteria": {
      "has_leather": "2024-10-27 05:33:15 +0000"
    },
    "done": true
  },
  "minecraft:recipes/tools/stone_hoe": {
    "criteria": {
      "has_cobblestone": "2024-10-27 05:32:00 +0000"
    },
    "done": true
  },
  "valhelsia_furniture:recipes/valhelsia_furniture/white_dark_oak_chair": {
    "criteria": {
      "has_white_wool": "2024-10-27 05:33:55 +0000"
    },
    "done": true
  },
  "valhelsia_furniture:recipes/valhelsia_furniture/cyan_upholstered_oak_chair": {
    "criteria": {
      "has_oak_planks": "2024-10-27 05:31:45 +0000"
    },
    "done": true
  },
  "valhelsia_furniture:recipes/valhelsia_furniture/white_birch_chair": {
    "criteria": {
      "has_white_wool": "2024-10-27 05:33:55 +0000"
    },
    "done": true
  },
  "minecraft:recipes/food/cooked_beef_from_smoking": {
    "criteria": {
      "has_beef": "2024-10-27 05:33:15 +0000"
    },
    "done": true
  },
  "minecraft:recipes/decorations/fletching_table": {
    "criteria": {
      "has_flint": "2024-10-27 05:33:36 +0000"
    },
    "done": true
  },
  "minecraft:recipes/decorations/white_carpet": {
    "criteria": {
      "has_white_wool": "2024-10-27 05:33:55 +0000"
    },
    "done": true
  },
  "valhelsia_furniture:recipes/valhelsia_furniture/brown_oak_chair": {
    "criteria": {
      "has_oak_planks": "2024-10-27 05:31:45 +0000"
    },
    "done": true
  },
  "valhelsia_furniture:recipes/valhelsia_furniture/white_upholstered_mangrove_chair": {
    "criteria": {
      "has_white_wool": "2024-10-27 05:33:55 +0000"
    },
    "done": true
  },
  "minecraft:recipes/food/cooked_mutton_from_smoking": {
    "criteria": {
      "has_mutton": "2024-10-27 05:33:55 +0000"
    },
    "done": true
  },
  "minecraft:story/upgrade_tools": {
    "criteria": {
      "stone_pickaxe": "2024-10-27 05:32:05 +0000"
    },
    "done": true
  },
  "minecraft:recipes/decorations/oak_fence": {
    "criteria": {
      "has_planks": "2024-10-27 05:31:45 +0000"
    },
    "done": true
  },
  "minecraft:recipes/transportation/oak_boat": {
    "criteria": {
      "in_water": "2024-10-27 05:32:14 +0000"
    },
    "done": true
  },
  "valhelsia_furniture:recipes/valhelsia_furniture/purple_oak_chair": {
    "criteria": {
      "has_oak_planks": "2024-10-27 05:31:45 +0000"
    },
    "done": true
  },
  "minecraft:recipes/building_blocks/orange_concrete_powder": {
    "criteria": {
      "has_gravel": "2024-10-27 05:33:36 +0000"
    },
    "done": true
  },
  "minecraft:recipes/food/cooked_porkchop": {
    "criteria": {
      "has_porkchop": "2024-10-27 05:31:18 +0000"
    },
    "done": true
  },
  "minecraft:recipes/building_blocks/oak_slab": {
    "criteria": {
      "has_planks": "2024-10-27 05:31:45 +0000"
    },
    "done": true
  },
  "minecraft:recipes/building_blocks/cyan_concrete_powder": {
    "criteria": {
      "has_gravel": "2024-10-27 05:33:36 +0000"
    },
    "done": true
  },
  "valhelsia_furniture:recipes/valhelsia_furniture/gray_oak_chair": {
    "criteria": {
      "has_oak_planks": "2024-10-27 05:31:45 +0000"
    },
    "done": true
  },
  "minecraft:recipes/food/cooked_porkchop_from_campfire_cooking": {
    "criteria": {
      "has_porkchop": "2024-10-27 05:31:18 +0000"
    },
    "done": true
  },
  "valhelsia_furniture:recipes/valhelsia_furniture/light_blue_upholstered_oak_chair": {
    "criteria": {
      "has_oak_planks": "2024-10-27 05:31:45 +0000"
    },
    "done": true
  },
  "valhelsia_furniture:recipes/valhelsia_furniture/orange_upholstered_oak_chair": {
    "criteria": {
      "has_oak_planks": "2024-10-27 05:31:45 +0000"
    },
    "done": true
  },
  "minecraft:recipes/tools/wooden_axe": {
    "criteria": {
      "has_stick": "2024-10-27 05:31:49 +0000"
    },
    "done": true
  },
  "valhelsia_furniture:recipes/valhelsia_furniture/white_upholstered_oak_chair": {
    "criteria": {
      "has_oak_planks": "2024-10-27 05:31:45 +0000"
    },
    "done": true
  },
  "minecraft:recipes/building_blocks/lime_wool": {
    "criteria": {
      "has_white_wool": "2024-10-27 05:33:55 +0000"
    },
    "done": true
  },
  "valhelsia_furniture:recipes/valhelsia_furniture/black_upholstered_oak_chair": {
    "criteria": {
      "has_oak_planks": "2024-10-27 05:31:45 +0000"
    },
    "done": true
  },
  "valhelsia_furniture:recipes/valhelsia_furniture/white_upholstered_acacia_stool": {
    "criteria": {
      "has_white_wool": "2024-10-27 05:33:55 +0000"
    },
    "done": true
  },
  "minecraft:recipes/building_blocks/black_wool": {
    "criteria": {
      "has_white_wool": "2024-10-27 05:33:55 +0000"
    },
    "done": true
  },
  "minecraft:recipes/misc/iron_ingot_from_blasting_raw_iron": {
    "criteria": {
      "has_raw_iron": "2024-10-27 05:32:24 +0000"
    },
    "done": true
  },
  "minecraft:recipes/building_blocks/green_wool": {
    "criteria": {
      "has_white_wool": "2024-10-27 05:33:55 +0000"
    },
    "done": true
  },
  "valhelsia_furniture:recipes/valhelsia_furniture/hay_oak_chair": {
    "criteria": {
      "has_oak_planks": "2024-10-27 05:31:45 +0000"
    },
    "done": true
  },
  "minecraft:recipes/building_blocks/brown_wool": {
    "criteria": {
      "has_white_wool": "2024-10-27 05:33:55 +0000"
    },
    "done": true
  },
  "farmersdelight:recipes/farmersdelight/cooking/pasta_with_meatballs": {
    "criteria": {
      "has_any_ingredient": "2024-10-27 05:33:15 +0000"
    },
    "done": true
  },
  "valhelsia_furniture:recipes/valhelsia_furniture/oak_chair": {
    "criteria": {
      "has_oak_planks": "2024-10-27 05:31:45 +0000"
    },
    "done": true
  },
  "farmersdelight:recipes/farmersdelight/cooking/pasta_with_mutton_chop": {
    "criteria": {
      "has_any_ingredient": "2024-10-27 05:33:55 +0000"
    },
    "done": true
  },
  "minecraft:recipes/decorations/painting": {
    "criteria": {
      "has_wool": "2024-10-27 05:33:55 +0000"
    },
    "done": true
  },
  "valhelsia_furniture:recipes/valhelsia_furniture/white_acacia_chair": {
    "criteria": {
      "has_white_wool": "2024-10-27 05:33:55 +0000"
    },
    "done": true
  },
  "valhelsia_furniture:recipes/valhelsia_furniture/white_upholstered_jungle_chair": {
    "criteria": {
      "has_white_wool": "2024-10-27 05:33:55 +0000"
    },
    "done": true
  },
  "valhelsia_furniture:recipes/valhelsia_furniture/oak_desk": {
    "criteria": {
      "has_oak_planks": "2024-10-27 05:31:45 +0000"
    },
    "done": true
  },
  "minecraft:recipes/combat/arrow": {
    "criteria": {
      "has_flint": "2024-10-27 05:33:36 +0000"
    },
    "done": true
  },
  "valhelsia_furniture:recipes/valhelsia_furniture/white_warped_chair": {
    "criteria": {
      "has_white_wool": "2024-10-27 05:33:55 +0000"
    },
    "done": true
  },
  "valhelsia_furniture:recipes/valhelsia_furniture/white_upholstered_crimson_stool": {
    "criteria": {
      "has_white_wool": "2024-10-27 05:33:55 +0000"
    },
    "done": true
  },
  "minecraft:recipes/building_blocks/light_blue_wool": {
    "criteria": {
      "has_white_wool": "2024-10-27 05:33:55 +0000"
    },
    "done": true
  },
  "minecraft:recipes/combat/wooden_sword": {
    "criteria": {
      "has_stick": "2024-10-27 05:31:49 +0000"
    },
    "done": true
  },
  "minecraft:recipes/tools/stone_shovel": {
    "criteria": {
      "has_cobblestone": "2024-10-27 05:32:00 +0000"
    },
    "done": true
  },
  "valhelsia_furniture:recipes/valhelsia_furniture/lime_oak_chair": {
    "criteria": {
      "has_oak_planks": "2024-10-27 05:31:45 +0000"
    },
    "done": true
  },
  "minecraft:recipes/building_blocks/oak_planks": {
    "criteria": {
      "has_logs": "2024-10-27 05:30:39 +0000"
    },
    "done": true
  },
  "minecraft:recipes/building_blocks/blue_concrete_powder": {
    "criteria": {
      "has_gravel": "2024-10-27 05:33:36 +0000"
    },
    "done": true
  },
  "minecraft:recipes/building_blocks/gray_concrete_powder": {
    "criteria": {
      "has_gravel": "2024-10-27 05:33:36 +0000"
    },
    "done": true
  },
  "tombstone:adventure/root": {
    "criteria": {
      "auto": "2024-10-27 05:28:40 +0000"
    },
    "done": true
  },
  "valhelsia_furniture:recipes/valhelsia_furniture/light_gray_oak_chair": {
    "criteria": {
      "has_oak_planks": "2024-10-27 05:31:45 +0000"
    },
    "done": true
  },
  "valhelsia_structures:recipes/valhelsia_structures_main/oak_post": {
    "criteria": {
      "has_item": "2024-10-27 05:30:39 +0000"
    },
    "done": true
  },
  "minecraft:recipes/redstone/oak_pressure_plate": {
    "criteria": {
      "has_planks": "2024-10-27 05:31:45 +0000"
    },
    "done": true
  },
  "minecraft:recipes/building_blocks/black_concrete_powder": {
    "criteria": {
      "has_gravel": "2024-10-27 05:33:36 +0000"
    },
    "done": true
  },
  "minecraft:recipes/decorations/cartography_table": {
    "criteria": {
      "has_paper": "2024-10-27 05:30:59 +0000"
    },
    "done": true
  },
  "minecraft:recipes/building_blocks/oak_wood": {
    "criteria": {
      "has_log": "2024-10-27 05:30:39 +0000"
    },
    "done": true
  },
  "minecraft:story/root": {
    "criteria": {
      "crafting_table": "2024-10-27 05:31:48 +0000"
    },
    "done": true
  },
  "sophisticatedbackpacks:recipes/sophisticatedbackpacks/upgrade_base": {
    "criteria": {
      "has_leather": "2024-10-27 05:33:15 +0000"
    },
    "done": true
  },
  "minecraft:recipes/combat/crossbow": {
    "criteria": {
      "has_stick": "2024-10-27 05:31:49 +0000"
    },
    "done": true
  },
  "valhelsia_furniture:recipes/valhelsia_furniture/cyan_oak_chair": {
    "criteria": {
      "has_oak_planks": "2024-10-27 05:31:45 +0000"
    },
    "done": true
  },
  "minecraft:recipes/building_blocks/yellow_wool": {
    "criteria": {
      "has_white_wool": "2024-10-27 05:33:55 +0000"
    },
    "done": true
  },
  "minecraft:recipes/decorations/oak_sign": {
    "criteria": {
      "has_planks": "2024-10-27 05:31:45 +0000"
    },
    "done": true
  },
  "minecraft:recipes/food/cooked_porkchop_from_smoking": {
    "criteria": {
      "has_porkchop": "2024-10-27 05:31:18 +0000"
    },
    "done": true
  },
  "minecraft:recipes/redstone/oak_trapdoor": {
    "criteria": {
      "has_planks": "2024-10-27 05:31:45 +0000"
    },
    "done": true
  },
  "farmersdelight:recipes/farmersdelight/cooking/noodle_soup": {
    "criteria": {
      "has_any_ingredient": "2024-10-27 05:31:18 +0000"
    },
    "done": true
  },
  "valhelsia_furniture:recipes/valhelsia_furniture/pink_oak_chair": {
    "criteria": {
      "has_oak_planks": "2024-10-27 05:31:45 +0000"
    },
    "done": true
  },
  "valhelsia_furniture:recipes/valhelsia_furniture/black_oak_chair": {
    "criteria": {
      "has_oak_planks": "2024-10-27 05:31:45 +0000"
    },
    "done": true
  },
  "minecraft:recipes/building_blocks/red_concrete_powder": {
    "criteria": {
      "has_gravel": "2024-10-27 05:33:36 +0000"
    },
    "done": true
  },
  "betterdungeons:root": {
    "criteria": {
      "always": "2024-10-27 05:28:39 +0000"
    },
    "done": true
  },
  "sophisticatedbackpacks:recipes/sophisticatedbackpacks/backpack": {
    "criteria": {
      "has_leather": "2024-10-27 05:33:15 +0000"
    },
    "done": true
  },
  "minecraft:recipes/combat/leather_chestplate": {
    "criteria": {
      "has_leather": "2024-10-27 05:33:15 +0000"
    },
    "done": true
  },
  "valhelsia_furniture:recipes/valhelsia_furniture/white_crimson_chair": {
    "criteria": {
      "has_white_wool": "2024-10-27 05:33:55 +0000"
    },
    "done": true
  },
  "minecraft:recipes/redstone/oak_button": {
    "criteria": {
      "has_planks": "2024-10-27 05:31:45 +0000"
    },
    "done": true
  },
  "farmersdelight:recipes/farmersdelight/flint_knife": {
    "criteria": {
      "has_stick": "2024-10-27 05:31:49 +0000"
    },
    "done": true
  },
  "minecraft:recipes/building_blocks/stone": {
    "criteria": {
      "has_cobblestone": "2024-10-27 05:32:00 +0000"
    },
    "done": true
  },
  "valhelsia_furniture:recipes/valhelsia_furniture/purple_upholstered_oak_chair": {
    "criteria": {
      "has_oak_planks": "2024-10-27 05:31:45 +0000"
    },
    "done": true
  },
  "minecraft:recipes/food/cooked_beef": {
    "criteria": {
      "has_beef": "2024-10-27 05:33:15 +0000"
    },
    "done": true
  },
  "minecraft:adventure/adventuring_time": {
    "criteria": {
      "minecraft:beach": "2024-10-27 05:29:36 +0000",
      "minecraft:river": "2024-10-27 05:32:48 +0000",
      "minecraft:forest": "2024-10-27 05:28:40 +0000",
      "minecraft:plains": "2024-10-27 05:30:55 +0000"
    },
    "done": false
  },
  "minecraft:recipes/misc/book": {
    "criteria": {
      "has_paper": "2024-10-27 05:30:59 +0000"
    },
    "done": true
  },
  "minecraft:recipes/combat/stone_sword": {
    "criteria": {
      "has_cobblestone": "2024-10-27 05:32:00 +0000"
    },
    "done": true
  },
  "minecraft:recipes/decorations/cobblestone_wall": {
    "criteria": {
      "has_cobblestone": "2024-10-27 05:32:00 +0000"
    },
    "done": true
  },
  "minecraft:recipes/decorations/barrel": {
    "criteria": {
      "has_planks": "2024-10-27 05:31:45 +0000"
    },
    "done": true
  },
  "minecraft:recipes/misc/iron_ingot_from_smelting_raw_iron": {
    "criteria": {
      "has_raw_iron": "2024-10-27 05:32:24 +0000"
    },
    "done": true
  },
  "minecraft:recipes/tools/stone_pickaxe": {
    "criteria": {
      "has_cobblestone": "2024-10-27 05:32:00 +0000"
    },
    "done": true
  },
  "minecraft:recipes/redstone/oak_door": {
    "criteria": {
      "has_planks": "2024-10-27 05:31:45 +0000"
    },
    "done": true
  },
  "minecraft:recipes/combat/leather_boots": {
    "criteria": {
      "has_leather": "2024-10-27 05:33:15 +0000"
    },
    "done": true
  },
  "valhelsia_furniture:recipes/valhelsia_furniture/white_oak_chair": {
    "criteria": {
      "has_oak_planks": "2024-10-27 05:31:45 +0000"
    },
    "done": true
  },
  "minecraft:recipes/transportation/jungle_boat": {
    "criteria": {
      "in_water": "2024-10-27 05:32:14 +0000"
    },
    "done": true
  },
  "minecraft:recipes/decorations/cobblestone_wall_from_cobblestone_stonecutting": {
    "criteria": {
      "has_cobblestone": "2024-10-27 05:32:00 +0000"
    },
    "done": true
  },
  "valhelsia_furniture:recipes/valhelsia_furniture/pink_upholstered_oak_chair": {
    "criteria": {
      "has_oak_planks": "2024-10-27 05:31:45 +0000"
    },
    "done": true
  },
  "valhelsia_furniture:recipes/valhelsia_furniture/red_upholstered_oak_chair": {
    "criteria": {
      "has_oak_planks": "2024-10-27 05:31:45 +0000"
    },
    "done": true
  },
  "minecraft:recipes/transportation/dark_oak_boat": {
    "criteria": {
      "in_water": "2024-10-27 05:32:14 +0000"
    },
    "done": true
  },
  "minecraft:recipes/building_blocks/pink_wool": {
    "criteria": {
      "has_white_wool": "2024-10-27 05:33:55 +0000"
    },
    "done": true
  },
  "farmersdelight:recipes/farmersdelight/cooking/pumpkin_soup": {
    "criteria": {
      "has_any_ingredient": "2024-10-27 05:31:18 +0000"
    },
    "done": true
  },
  "valhelsia_furniture:recipes/valhelsia_furniture/light_blue_oak_chair": {
    "criteria": {
      "has_oak_planks": "2024-10-27 05:31:45 +0000"
    },
    "done": true
  },
  "tetra:recipes/planks": {
    "criteria": {
      "got_wood": "2024-10-27 05:31:45 +0000"
    },
    "done": true
  },
  "dungeons_arise:wda_root": {
    "criteria": {
      "WDA": "2024-10-27 05:28:39 +0000"
    },
    "done": true
  },
  "valhelsia_furniture:recipes/valhelsia_furniture/green_oak_chair": {
    "criteria": {
      "has_oak_planks": "2024-10-27 05:31:45 +0000"
    },
    "done": true
  },
  "valhelsia_furniture:recipes/valhelsia_furniture/oak_table": {
    "criteria": {
      "has_oak_planks": "2024-10-27 05:31:45 +0000"
    },
    "done": true
  },
  "minecraft:recipes/food/cooked_beef_from_campfire_cooking": {
    "criteria": {
      "has_beef": "2024-10-27 05:33:15 +0000"
    },
    "done": true
  },
  "minecraft:recipes/building_blocks/light_gray_wool": {
    "criteria": {
      "has_white_wool": "2024-10-27 05:33:55 +0000"
    },
    "done": true
  },
  "minecraft:recipes/building_blocks/red_wool": {
    "criteria": {
      "has_white_wool": "2024-10-27 05:33:55 +0000"
    },
    "done": true
  },
  "minecraft:recipes/decorations/soul_campfire": {
    "criteria": {
      "has_stick": "2024-10-27 05:31:49 +0000"
    },
    "done": true
  },
  "minecraft:recipes/tools/stone_axe": {
    "criteria": {
      "has_cobblestone": "2024-10-27 05:32:00 +0000"
    },
    "done": true
  },
  "minecraft:recipes/building_blocks/raw_iron_block": {
    "criteria": {
      "has_raw_iron": "2024-10-27 05:32:24 +0000"
    },
    "done": true
  },
  "minecraft:recipes/food/cooked_mutton": {
    "criteria": {
      "has_mutton": "2024-10-27 05:33:55 +0000"
    },
    "done": true
  },
  "valhelsia_furniture:recipes/valhelsia_furniture/yellow_oak_chair": {
    "criteria": {
      "has_oak_planks": "2024-10-27 05:31:45 +0000"
    },
    "done": true
  },
  "valhelsia_furniture:recipes/valhelsia_furniture/white_upholstered_birch_stool": {
    "criteria": {
      "has_white_wool": "2024-10-27 05:33:55 +0000"
    },
    "done": true
  },
  "valhelsia_furniture:recipes/valhelsia_furniture/white_upholstered_warped_stool": {
    "criteria": {
      "has_white_wool": "2024-10-27 05:33:55 +0000"
    },
    "done": true
  },
  "DataVersion": 3120
}