{
  "minecraft:recipes/decorations/smoker": {
    "criteria": {
      "has_furnace": "2024-10-27 05:51:32 +0000"
    },
    "done": true
  },
  "minecraft:recipes/redstone/lever": {
    "criteria": {
      "has_cobblestone": "2024-10-27 05:49:58 +0000"
    },
    "done": true
  },
  "farmersdelight:recipes/farmersdelight/cooking/chicken_soup": {
    "criteria": {
      "has_any_ingredient": "2024-10-27 05:42:06 +0000"
    },
    "done": true
  },
  "minecraft:recipes/building_blocks/cobblestone_stairs_from_cobblestone_stonecutting": {
    "criteria": {
      "has_cobblestone": "2024-10-27 05:49:58 +0000"
    },
    "done": true
  },
  "valhelsia_furniture:recipes/valhelsia_furniture/magenta_birch_chair": {
    "criteria": {
      "has_birch_planks": "2024-10-27 05:48:22 +0000"
    },
    "done": true
  },
  "minecraft:recipes/combat/iron_sword": {
    "criteria": {
      "has_iron_ingot": "2024-10-27 05:53:06 +0000"
    },
    "done": true
  },
  "tombstone:adventure/halloween": {
    "criteria": {
      "coded_trigger": "2024-10-27 05:26:17 +0000"
    },
    "done": true
  },
  "valhelsia_furniture:recipes/valhelsia_furniture/lime_upholstered_oak_chair": {
    "criteria": {
      "has_oak_planks": "2024-10-27 05:47:45 +0000"
    },
    "done": true
  },
  "minecraft:recipes/tools/iron_pickaxe": {
    "criteria": {
      "has_iron_ingot": "2024-10-27 05:53:06 +0000"
    },
    "done": true
  },
  "valhelsia_structures:recipes/valhelsia_structures_main/cyan_metal_framed_glass": {
    "criteria": {
      "has_ingots/iron": "2024-10-27 05:53:06 +0000"
    },
    "done": true
  },
  "valhelsia_furniture:recipes/valhelsia_furniture/red_upholstered_birch_chair": {
    "criteria": {
      "has_birch_planks": "2024-10-27 05:48:22 +0000"
    },
    "done": true
  },
  "minecraft:recipes/redstone/birch_pressure_plate": {
    "criteria": {
      "has_planks": "2024-10-27 05:48:22 +0000"
    },
    "done": true
  },
  "minecraft:recipes/decorations/crafting_table": {
    "criteria": {
      "has_planks": "2024-10-27 05:47:45 +0000"
    },
    "done": true
  },
  "minecraft:recipes/decorations/campfire": {
    "criteria": {
      "has_stick": "2024-10-27 05:48:30 +0000"
    },
    "done": true
  },
  "valhelsia_furniture:recipes/valhelsia_furniture/orange_birch_chair": {
    "criteria": {
      "has_birch_planks": "2024-10-27 05:48:22 +0000"
    },
    "done": true
  },
  "valhelsia_furniture:recipes/valhelsia_furniture/light_gray_upholstered_oak_chair": {
    "criteria": {
      "has_oak_planks": "2024-10-27 05:47:45 +0000"
    },
    "done": true
  },
  "minecraft:recipes/decorations/ladder": {
    "criteria": {
      "has_stick": "2024-10-27 05:48:30 +0000"
    },
    "done": true
  },
  "minecraft:recipes/misc/iron_nugget": {
    "criteria": {
      "has_iron_ingot": "2024-10-27 05:53:06 +0000"
    },
    "done": true
  },
  "minecraft:recipes/decorations/chest": {
    "criteria": {
      "has_lots_of_items": "2024-10-27 05:37:05 +0000"
    },
    "done": true
  },
  "valhelsia_furniture:recipes/valhelsia_furniture/purple_birch_chair": {
    "criteria": {
      "has_birch_planks": "2024-10-27 05:48:22 +0000"
    },
    "done": true
  },
  "minecraft:recipes/transportation/mangrove_boat": {
    "criteria": {
      "in_water": "2024-10-27 05:46:01 +0000"
    },
    "done": true
  },
  "valhelsia_furniture:recipes/valhelsia_furniture/white_upholstered_birch_chair": {
    "criteria": {
      "has_birch_planks": "2024-10-27 05:48:22 +0000"
    },
    "done": true
  },
  "minecraft:recipes/tools/wooden_shovel": {
    "criteria": {
      "has_stick": "2024-10-27 05:48:30 +0000"
    },
    "done": true
  },
  "valhelsia_furniture:recipes/valhelsia_furniture/birch_table": {
    "criteria": {
      "has_birch_planks": "2024-10-27 05:48:22 +0000"
    },
    "done": true
  },
  "minecraft:recipes/decorations/torch": {
    "criteria": {
      "has_stone_pickaxe": "2024-10-27 05:50:16 +0000"
    },
    "done": true
  },
  "minecraft:recipes/tools/shears": {
    "criteria": {
      "has_iron_ingot": "2024-10-27 05:53:06 +0000"
    },
    "done": true
  },
  "minecraft:recipes/misc/stick": {
    "criteria": {
      "has_planks": "2024-10-27 05:47:45 +0000"
    },
    "done": true
  },
  "valhelsia_furniture:recipes/valhelsia_furniture/magenta_upholstered_birch_chair": {
    "criteria": {
      "has_birch_planks": "2024-10-27 05:48:22 +0000"
    },
    "done": true
  },
  "valhelsia_furniture:recipes/valhelsia_furniture/blue_birch_chair": {
    "criteria": {
      "has_birch_planks": "2024-10-27 05:48:22 +0000"
    },
    "done": true
  },
  "minecraft:recipes/transportation/spruce_boat": {
    "criteria": {
      "in_water": "2024-10-27 05:46:01 +0000"
    },
    "done": true
  },
  "valhelsia_furniture:recipes/valhelsia_furniture/green_upholstered_oak_chair": {
    "criteria": {
      "has_oak_planks": "2024-10-27 05:47:45 +0000"
    },
    "done": true
  },
  "valhelsia_furniture:recipes/valhelsia_furniture/pink_upholstered_birch_chair": {
    "criteria": {
      "has_birch_planks": "2024-10-27 05:48:22 +0000"
    },
    "done": true
  },
  "valhelsia_structures:recipes/valhelsia_structures_main/light_blue_metal_framed_glass": {
    "criteria": {
      "has_ingots/iron": "2024-10-27 05:53:06 +0000"
    },
    "done": true
  },
  "valhelsia_furniture:recipes/valhelsia_furniture/orange_upholstered_birch_chair": {
    "criteria": {
      "has_birch_planks": "2024-10-27 05:48:22 +0000"
    },
    "done": true
  },
  "valhelsia_furniture:recipes/valhelsia_furniture/gray_upholstered_oak_chair": {
    "criteria": {
      "has_oak_planks": "2024-10-27 05:47:45 +0000"
    },
    "done": true
  },
  "valhelsia_furniture:recipes/valhelsia_furniture/oak_desk_drawer": {
    "criteria": {
      "has_oak_planks": "2024-10-27 05:47:45 +0000"
    },
    "done": true
  },
  "valhelsia_furniture:recipes/valhelsia_furniture/yellow_upholstered_oak_chair": {
    "criteria": {
      "has_oak_planks": "2024-10-27 05:47:45 +0000"
    },
    "done": true
  },
  "valhelsia_structures:recipes/valhelsia_structures_main/brown_metal_framed_glass": {
    "criteria": {
      "has_ingots/iron": "2024-10-27 05:53:06 +0000"
    },
    "done": true
  },
  "minecraft:recipes/combat/iron_leggings": {
    "criteria": {
      "has_iron_ingot": "2024-10-27 05:53:06 +0000"
    },
    "done": true
  },
  "minecraft:husbandry/balanced_diet": {
    "criteria": {
      "cooked_beef": "2024-10-27 05:58:27 +0000"
    },
    "done": false
  },
  "valhelsia_structures:recipes/valhelsia_structures_main/light_gray_metal_framed_glass": {
    "criteria": {
      "has_ingots/iron": "2024-10-27 05:53:06 +0000"
    },
    "done": true
  },
  "tombstone:recipes/from_grave_key": {
    "criteria": {
      "has_ingredient": "2024-10-27 05:40:47 +0000"
    },
    "done": true
  },
  "minecraft:recipes/tools/wooden_hoe": {
    "criteria": {
      "has_stick": "2024-10-27 05:48:30 +0000"
    },
    "done": true
  },
  "minecraft:recipes/combat/shield": {
    "criteria": {
      "has_iron_ingot": "2024-10-27 05:53:06 +0000"
    },
    "done": true
  },
  "minecraft:recipes/building_blocks/cobblestone_slab": {
    "criteria": {
      "has_cobblestone": "2024-10-27 05:49:58 +0000"
    },
    "done": true
  },
  "minecraft:recipes/misc/bucket": {
    "criteria": {
      "has_iron_ingot": "2024-10-27 05:53:06 +0000"
    },
    "done": true
  },
  "minecraft:recipes/building_blocks/cobblestone_stairs": {
    "criteria": {
      "has_cobblestone": "2024-10-27 05:49:58 +0000"
    },
    "done": true
  },
  "minecraft:recipes/redstone/hopper": {
    "criteria": {
      "has_iron_ingot": "2024-10-27 05:53:06 +0000"
    },
    "done": true
  },
  "minecraft:recipes/building_blocks/birch_slab": {
    "criteria": {
      "has_planks": "2024-10-27 05:48:22 +0000"
    },
    "done": true
  },
  "valhelsia_furniture:recipes/valhelsia_furniture/lime_birch_chair": {
    "criteria": {
      "has_birch_planks": "2024-10-27 05:48:22 +0000"
    },
    "done": true
  },
  "valhelsia_furniture:recipes/valhelsia_furniture/light_blue_upholstered_birch_chair": {
    "criteria": {
      "has_birch_planks": "2024-10-27 05:48:22 +0000"
    },
    "done": true
  },
  "minecraft:recipes/transportation/jungle_chest_boat": {
    "criteria": {
      "has_boat": "2024-10-27 06:11:03 +0000"
    },
    "done": true
  },
  "farmersdelight:recipes/farmersdelight/cooking/beef_stew": {
    "criteria": {
      "has_any_ingredient": "2024-10-27 05:29:51 +0000"
    },
    "done": true
  },
  "tombstone:adventure/first_grave": {
    "criteria": {
      "coded_trigger": "2024-10-27 05:40:45 +0000"
    },
    "done": true
  },
  "valhelsia_furniture:recipes/valhelsia_furniture/light_blue_birch_chair": {
    "criteria": {
      "has_birch_planks": "2024-10-27 05:48:22 +0000"
    },
    "done": true
  },
  "valhelsia_furniture:recipes/valhelsia_furniture/cyan_birch_chair": {
    "criteria": {
      "has_birch_planks": "2024-10-27 05:48:22 +0000"
    },
    "done": true
  },
  "minecraft:recipes/combat/iron_helmet": {
    "criteria": {
      "has_iron_ingot": "2024-10-27 05:53:06 +0000"
    },
    "done": true
  },
  "valhelsia_furniture:recipes/valhelsia_furniture/orange_oak_chair": {
    "criteria": {
      "has_oak_planks": "2024-10-27 05:47:45 +0000"
    },
    "done": true
  },
  "minecraft:recipes/food/cooked_chicken_from_smoking": {
    "criteria": {
      "has_chicken": "2024-10-27 05:42:06 +0000"
    },
    "done": true
  },
  "minecraft:recipes/redstone/oak_fence_gate": {
    "criteria": {
      "has_planks": "2024-10-27 05:47:45 +0000"
    },
    "done": true
  },
  "valhelsia_structures:recipes/valhelsia_structures_main/yellow_metal_framed_glass": {
    "criteria": {
      "has_ingots/iron": "2024-10-27 05:53:06 +0000"
    },
    "done": true
  },
  "minecraft:recipes/decorations/iron_bars": {
    "criteria": {
      "has_iron_ingot": "2024-10-27 05:53:06 +0000"
    },
    "done": true
  },
  "valhelsia_furniture:recipes/valhelsia_furniture/red_oak_chair": {
    "criteria": {
      "has_oak_planks": "2024-10-27 05:47:45 +0000"
    },
    "done": true
  },
  "minecraft:recipes/transportation/acacia_chest_boat": {
    "criteria": {
      "has_boat": "2024-10-27 06:11:03 +0000"
    },
    "done": true
  },
  "minecraft:recipes/transportation/oak_chest_boat": {
    "criteria": {
      "has_boat": "2024-10-27 06:11:03 +0000"
    },
    "done": true
  },
  "minecraft:story/mine_stone": {
    "criteria": {
      "get_stone": "2024-10-27 05:49:58 +0000"
    },
    "done": true
  },
  "minecraft:recipes/decorations/furnace": {
    "criteria": {
      "has_cobblestone": "2024-10-27 05:49:58 +0000"
    },
    "done": true
  },
  "minecraft:recipes/transportation/minecart": {
    "criteria": {
      "has_iron_ingot": "2024-10-27 05:53:06 +0000"
    },
    "done": true
  },
  "valhelsia_furniture:recipes/valhelsia_furniture/brown_upholstered_oak_chair": {
    "criteria": {
      "has_oak_planks": "2024-10-27 05:47:45 +0000"
    },
    "done": true
  },
  "valhelsia_furniture:recipes/valhelsia_furniture/magenta_oak_chair": {
    "criteria": {
      "has_oak_planks": "2024-10-27 05:47:45 +0000"
    },
    "done": true
  },
  "minecraft:recipes/misc/charcoal": {
    "criteria": {
      "has_log": "2024-10-27 05:47:39 +0000"
    },
    "done": true
  },
  "minecraft:recipes/tools/iron_hoe": {
    "criteria": {
      "has_iron_ingot": "2024-10-27 05:53:06 +0000"
    },
    "done": true
  },
  "minecraft:recipes/tools/wooden_pickaxe": {
    "criteria": {
      "has_the_recipe": "2024-10-27 05:48:28 +0000"
    },
    "done": true
  },
  "minecraft:recipes/building_blocks/cobblestone_slab_from_cobblestone_stonecutting": {
    "criteria": {
      "has_cobblestone": "2024-10-27 05:49:58 +0000"
    },
    "done": true
  },
  "minecraft:husbandry/root": {
    "criteria": {
      "consumed_item": "2024-10-27 05:58:27 +0000"
    },
    "done": true
  },
  "minecraft:recipes/transportation/birch_boat": {
    "criteria": {
      "in_water": "2024-10-27 05:46:01 +0000"
    },
    "done": true
  },
  "valhelsia_furniture:recipes/valhelsia_furniture/blue_oak_chair": {
    "criteria": {
      "has_oak_planks": "2024-10-27 05:47:45 +0000"
    },
    "done": true
  },
  "minecraft:recipes/building_blocks/oak_stairs": {
    "criteria": {
      "has_planks": "2024-10-27 05:47:45 +0000"
    },
    "done": true
  },
  "minecraft:recipes/tools/iron_shovel": {
    "criteria": {
      "has_iron_ingot": "2024-10-27 05:53:06 +0000"
    },
    "done": true
  },
  "minecraft:recipes/transportation/acacia_boat": {
    "criteria": {
      "in_water": "2024-10-27 05:46:01 +0000"
    },
    "done": true
  },
  "minecraft:recipes/redstone/iron_trapdoor": {
    "criteria": {
      "has_iron_ingot": "2024-10-27 05:53:06 +0000"
    },
    "done": true
  },
  "minecraft:recipes/decorations/birch_sign": {
    "criteria": {
      "has_planks": "2024-10-27 05:48:22 +0000"
    },
    "done": true
  },
  "farmersdelight:recipes/farmersdelight/cutting_board": {
    "criteria": {
      "has_stick": "2024-10-27 05:48:30 +0000"
    },
    "done": true
  },
  "valhelsia_structures:recipes/valhelsia_structures_main/metal_framed_glass": {
    "criteria": {
      "has_ingots/iron": "2024-10-27 05:53:06 +0000"
    },
    "done": true
  },
  "minecraft:adventure/root": {
    "criteria": {
      "killed_something": "2024-10-27 05:29:51 +0000"
    },
    "done": true
  },
  "valhelsia_structures:recipes/valhelsia_structures_main/red_metal_framed_glass": {
    "criteria": {
      "has_ingots/iron": "2024-10-27 05:53:06 +0000"
    },
    "done": true
  },
  "minecraft:recipes/transportation/dark_oak_chest_boat": {
    "criteria": {
      "has_boat": "2024-10-27 06:11:03 +0000"
    },
    "done": true
  },
  "valhelsia_furniture:recipes/valhelsia_furniture/blue_upholstered_oak_chair": {
    "criteria": {
      "has_oak_planks": "2024-10-27 05:47:45 +0000"
    },
    "done": true
  },
  "valhelsia_furniture:recipes/valhelsia_furniture/pink_birch_chair": {
    "criteria": {
      "has_birch_planks": "2024-10-27 05:48:22 +0000"
    },
    "done": true
  },
  "valhelsia_structures:recipes/valhelsia_structures_main/green_metal_framed_glass": {
    "criteria": {
      "has_ingots/iron": "2024-10-27 05:53:06 +0000"
    },
    "done": true
  },
  "valhelsia_furniture:recipes/valhelsia_furniture/birch_chair": {
    "criteria": {
      "has_birch_planks": "2024-10-27 05:48:22 +0000"
    },
    "done": true
  },
  "valhelsia_furniture:recipes/valhelsia_furniture/magenta_upholstered_oak_chair": {
    "criteria": {
      "has_oak_planks": "2024-10-27 05:47:45 +0000"
    },
    "done": true
  },
  "farmersdelight:recipes/farmersdelight/chicken_sandwich": {
    "criteria": {
      "has_cooked_chicken": "2024-10-27 05:52:41 +0000"
    },
    "done": true
  },
  "farmersdelight:main/root": {
    "criteria": {
      "seeds": "2024-10-27 05:26:17 +0000"
    },
    "done": true
  },
  "tombstone:adventure/enchant_grave_key": {
    "criteria": {
      "has_upgraded_grave_key": "2024-10-27 05:40:47 +0000"
    },
    "done": true
  },
  "minecraft:recipes/tools/stone_hoe": {
    "criteria": {
      "has_cobblestone": "2024-10-27 05:49:58 +0000"
    },
    "done": true
  },
  "valhelsia_furniture:recipes/valhelsia_furniture/cyan_upholstered_oak_chair": {
    "criteria": {
      "has_oak_planks": "2024-10-27 05:47:45 +0000"
    },
    "done": true
  },
  "minecraft:adventure/kill_all_mobs": {
    "criteria": {
      "minecraft:skeleton": "2024-10-27 05:41:40 +0000",
      "minecraft:zombie": "2024-10-27 05:40:04 +0000"
    },
    "done": false
  },
  "valhelsia_furniture:recipes/valhelsia_furniture/white_birch_chair": {
    "criteria": {
      "has_birch_planks": "2024-10-27 05:48:22 +0000"
    },
    "done": true
  },
  "minecraft:recipes/building_blocks/birch_wood": {
    "criteria": {
      "has_log": "2024-10-27 05:48:04 +0000"
    },
    "done": true
  },
  "valhelsia_furniture:recipes/valhelsia_furniture/yellow_upholstered_birch_chair": {
    "criteria": {
      "has_birch_planks": "2024-10-27 05:48:22 +0000"
    },
    "done": true
  },
  "farmersdelight:recipes/farmersdelight/cooking_pot": {
    "criteria": {
      "has_iron_ingot": "2024-10-27 05:53:06 +0000"
    },
    "done": true
  },
  "minecraft:recipes/food/cooked_beef_from_smoking": {
    "criteria": {
      "has_beef": "2024-10-27 05:29:51 +0000"
    },
    "done": true
  },
  "valhelsia_furniture:recipes/valhelsia_furniture/cyan_upholstered_birch_chair": {
    "criteria": {
      "has_birch_planks": "2024-10-27 05:48:22 +0000"
    },
    "done": true
  },
  "valhelsia_furniture:recipes/valhelsia_furniture/brown_oak_chair": {
    "criteria": {
      "has_oak_planks": "2024-10-27 05:47:45 +0000"
    },
    "done": true
  },
  "minecraft:recipes/food/cooked_chicken_from_campfire_cooking": {
    "criteria": {
      "has_chicken": "2024-10-27 05:42:06 +0000"
    },
    "done": true
  },
  "valhelsia_structures:recipes/valhelsia_structures_main/magenta_metal_framed_glass": {
    "criteria": {
      "has_ingots/iron": "2024-10-27 05:53:06 +0000"
    },
    "done": true
  },
  "minecraft:recipes/misc/iron_nugget_from_smelting": {
    "criteria": {
      "has_iron_sword": "2024-10-27 05:53:40 +0000"
    },
    "done": true
  },
  "valhelsia_structures:recipes/valhelsia_structures_main/birch_post": {
    "criteria": {
      "has_item": "2024-10-27 05:48:04 +0000"
    },
    "done": true
  },
  "valhelsia_furniture:recipes/valhelsia_furniture/brown_upholstered_birch_chair": {
    "criteria": {
      "has_birch_planks": "2024-10-27 05:48:22 +0000"
    },
    "done": true
  },
  "minecraft:recipes/redstone/birch_door": {
    "criteria": {
      "has_planks": "2024-10-27 05:48:22 +0000"
    },
    "done": true
  },
  "minecraft:recipes/transportation/birch_chest_boat": {
    "criteria": {
      "has_boat": "2024-10-27 06:11:03 +0000"
    },
    "done": true
  },
  "valhelsia_structures:recipes/valhelsia_structures_main/black_metal_framed_glass": {
    "criteria": {
      "has_ingots/iron": "2024-10-27 05:53:06 +0000"
    },
    "done": true
  },
  "valhelsia_structures:recipes/valhelsia_structures_main/lime_metal_framed_glass": {
    "criteria": {
      "has_ingots/iron": "2024-10-27 05:53:06 +0000"
    },
    "done": true
  },
  "minecraft:recipes/decorations/chain": {
    "criteria": {
      "has_iron_ingot": "2024-10-27 05:53:06 +0000"
    },
    "done": true
  },
  "valhelsia_structures:recipes/valhelsia_structures_main/gray_metal_framed_glass": {
    "criteria": {
      "has_ingots/iron": "2024-10-27 05:53:06 +0000"
    },
    "done": true
  },
  "nethersdelight:recipes/nethersdelight/blackstone_blast_furnace": {
    "criteria": {
      "has_iron": "2024-10-27 05:53:06 +0000"
    },
    "done": true
  },
  "minecraft:story/upgrade_tools": {
    "criteria": {
      "stone_pickaxe": "2024-10-27 05:50:16 +0000"
    },
    "done": true
  },
  "minecraft:recipes/decorations/oak_fence": {
    "criteria": {
      "has_planks": "2024-10-27 05:47:45 +0000"
    },
    "done": true
  },
  "valhelsia_structures:recipes/valhelsia_structures_main/pink_metal_framed_glass": {
    "criteria": {
      "has_ingots/iron": "2024-10-27 05:53:06 +0000"
    },
    "done": true
  },
  "minecraft:recipes/transportation/oak_boat": {
    "criteria": {
      "in_water": "2024-10-27 05:46:01 +0000"
    },
    "done": true
  },
  "valhelsia_furniture:recipes/valhelsia_furniture/birch_desk": {
    "criteria": {
      "has_birch_planks": "2024-10-27 05:48:22 +0000"
    },
    "done": true
  },
  "valhelsia_furniture:recipes/valhelsia_furniture/purple_oak_chair": {
    "criteria": {
      "has_oak_planks": "2024-10-27 05:47:45 +0000"
    },
    "done": true
  },
  "minecraft:recipes/decorations/birch_fence": {
    "criteria": {
      "has_planks": "2024-10-27 05:48:22 +0000"
    },
    "done": true
  },
  "minecraft:recipes/food/cooked_porkchop": {
    "criteria": {
      "has_porkchop": "2024-10-27 05:50:40 +0000"
    },
    "done": true
  },
  "minecraft:recipes/building_blocks/oak_slab": {
    "criteria": {
      "has_planks": "2024-10-27 05:47:45 +0000"
    },
    "done": true
  },
  "valhelsia_furniture:recipes/valhelsia_furniture/gray_oak_chair": {
    "criteria": {
      "has_oak_planks": "2024-10-27 05:47:45 +0000"
    },
    "done": true
  },
  "farmersdelight:recipes/farmersdelight/roast_chicken_block": {
    "criteria": {
      "has_cooked_chicken": "2024-10-27 05:52:41 +0000"
    },
    "done": true
  },
  "minecraft:recipes/food/cooked_porkchop_from_campfire_cooking": {
    "criteria": {
      "has_porkchop": "2024-10-27 05:50:40 +0000"
    },
    "done": true
  },
  "valhelsia_furniture:recipes/valhelsia_furniture/light_blue_upholstered_oak_chair": {
    "criteria": {
      "has_oak_planks": "2024-10-27 05:47:45 +0000"
    },
    "done": true
  },
  "valhelsia_furniture:recipes/valhelsia_furniture/orange_upholstered_oak_chair": {
    "criteria": {
      "has_oak_planks": "2024-10-27 05:47:45 +0000"
    },
    "done": true
  },
  "minecraft:recipes/tools/wooden_axe": {
    "criteria": {
      "has_stick": "2024-10-27 05:48:30 +0000"
    },
    "done": true
  },
  "valhelsia_furniture:recipes/valhelsia_furniture/white_upholstered_oak_chair": {
    "criteria": {
      "has_oak_planks": "2024-10-27 05:47:45 +0000"
    },
    "done": true
  },
  "valhelsia_furniture:recipes/valhelsia_furniture/black_upholstered_oak_chair": {
    "criteria": {
      "has_oak_planks": "2024-10-27 05:47:45 +0000"
    },
    "done": true
  },
  "minecraft:recipes/misc/iron_ingot_from_blasting_raw_iron": {
    "criteria": {
      "has_raw_iron": "2024-10-27 05:50:25 +0000"
    },
    "done": true
  },
  "valhelsia_furniture:recipes/valhelsia_furniture/hay_oak_chair": {
    "criteria": {
      "has_oak_planks": "2024-10-27 05:47:45 +0000"
    },
    "done": true
  },
  "valhelsia_furniture:recipes/valhelsia_furniture/purple_upholstered_birch_chair": {
    "criteria": {
      "has_birch_planks": "2024-10-27 05:48:22 +0000"
    },
    "done": true
  },
  "farmersdelight:recipes/farmersdelight/cooking/pasta_with_meatballs": {
    "criteria": {
      "has_any_ingredient": "2024-10-27 05:29:51 +0000"
    },
    "done": true
  },
  "valhelsia_furniture:recipes/valhelsia_furniture/oak_chair": {
    "criteria": {
      "has_oak_planks": "2024-10-27 05:47:45 +0000"
    },
    "done": true
  },
  "minecraft:recipes/redstone/birch_button": {
    "criteria": {
      "has_planks": "2024-10-27 05:48:22 +0000"
    },
    "done": true
  },
  "minecraft:recipes/building_blocks/iron_block": {
    "criteria": {
      "has_iron_ingot": "2024-10-27 05:53:06 +0000"
    },
    "done": true
  },
  "valhelsia_furniture:recipes/valhelsia_furniture/black_birch_chair": {
    "criteria": {
      "has_birch_planks": "2024-10-27 05:48:22 +0000"
    },
    "done": true
  },
  "valhelsia_structures:recipes/valhelsia_structures_main/blue_metal_framed_glass": {
    "criteria": {
      "has_ingots/iron": "2024-10-27 05:53:06 +0000"
    },
    "done": true
  },
  "valhelsia_furniture:recipes/valhelsia_furniture/oak_desk": {
    "criteria": {
      "has_oak_planks": "2024-10-27 05:47:45 +0000"
    },
    "done": true
  },
  "minecraft:recipes/combat/arrow": {
    "criteria": {
      "has_feather": "2024-10-27 05:42:06 +0000"
    },
    "done": true
  },
  "valhelsia_furniture:recipes/valhelsia_furniture/gray_upholstered_birch_chair": {
    "criteria": {
      "has_birch_planks": "2024-10-27 05:48:22 +0000"
    },
    "done": true
  },
  "minecraft:recipes/misc/yellow_dye_from_dandelion": {
    "criteria": {
      "has_dandelion": "2024-10-27 05:37:05 +0000"
    },
    "done": true
  },
  "valhelsia_furniture:recipes/valhelsia_furniture/green_birch_chair": {
    "criteria": {
      "has_birch_planks": "2024-10-27 05:48:22 +0000"
    },
    "done": true
  },
  "valhelsia_furniture:recipes/valhelsia_furniture/red_birch_chair": {
    "criteria": {
      "has_birch_planks": "2024-10-27 05:48:22 +0000"
    },
    "done": true
  },
  "minecraft:recipes/combat/wooden_sword": {
    "criteria": {
      "has_stick": "2024-10-27 05:48:30 +0000"
    },
    "done": true
  },
  "minecraft:recipes/tools/stone_shovel": {
    "criteria": {
      "has_cobblestone": "2024-10-27 05:49:58 +0000"
    },
    "done": true
  },
  "valhelsia_furniture:recipes/valhelsia_furniture/lime_oak_chair": {
    "criteria": {
      "has_oak_planks": "2024-10-27 05:47:45 +0000"
    },
    "done": true
  },
  "farmersdelight:main/get_fd_seed": {
    "criteria": {
      "tomato_seeds": "2024-10-27 05:40:06 +0000"
    },
    "done": true
  },
  "minecraft:recipes/building_blocks/oak_planks": {
    "criteria": {
      "has_logs": "2024-10-27 05:47:39 +0000"
    },
    "done": true
  },
  "tombstone:adventure/root": {
    "criteria": {
      "auto": "2024-10-27 05:26:18 +0000"
    },
    "done": true
  },
  "valhelsia_furniture:recipes/valhelsia_furniture/light_gray_oak_chair": {
    "criteria": {
      "has_oak_planks": "2024-10-27 05:47:45 +0000"
    },
    "done": true
  },
  "minecraft:recipes/tools/iron_axe": {
    "criteria": {
      "has_iron_ingot": "2024-10-27 05:53:06 +0000"
    },
    "done": true
  },
  "minecraft:recipes/transportation/mangrove_chest_boat": {
    "criteria": {
      "has_boat": "2024-10-27 06:11:03 +0000"
    },
    "done": true
  },
  "valhelsia_structures:recipes/valhelsia_structures_main/oak_post": {
    "criteria": {
      "has_item": "2024-10-27 05:47:39 +0000"
    },
    "done": true
  },
  "valhelsia_structures:recipes/valhelsia_structures_main/purple_metal_framed_glass": {
    "criteria": {
      "has_ingots/iron": "2024-10-27 05:53:06 +0000"
    },
    "done": true
  },
  "minecraft:recipes/redstone/oak_pressure_plate": {
    "criteria": {
      "has_planks": "2024-10-27 05:47:45 +0000"
    },
    "done": true
  },
  "valhelsia_furniture:recipes/valhelsia_furniture/birch_desk_drawer": {
    "criteria": {
      "has_birch_planks": "2024-10-27 05:48:22 +0000"
    },
    "done": true
  },
  "minecraft:recipes/combat/iron_boots": {
    "criteria": {
      "has_iron_ingot": "2024-10-27 05:53:06 +0000"
    },
    "done": true
  },
  "minecraft:recipes/building_blocks/birch_planks": {
    "criteria": {
      "has_logs": "2024-10-27 05:48:04 +0000"
    },
    "done": true
  },
  "farmersdelight:recipes/farmersdelight/iron_knife": {
    "criteria": {
      "has_iron_ingot": "2024-10-27 05:53:06 +0000"
    },
    "done": true
  },
  "valhelsia_structures:recipes/valhelsia_structures_main/white_metal_framed_glass": {
    "criteria": {
      "has_ingots/iron": "2024-10-27 05:53:06 +0000"
    },
    "done": true
  },
  "minecraft:recipes/building_blocks/oak_wood": {
    "criteria": {
      "has_log": "2024-10-27 05:47:39 +0000"
    },
    "done": true
  },
  "minecraft:recipes/redstone/birch_fence_gate": {
    "criteria": {
      "has_planks": "2024-10-27 05:48:22 +0000"
    },
    "done": true
  },
  "minecraft:story/root": {
    "criteria": {
      "crafting_table": "2024-10-27 05:47:49 +0000"
    },
    "done": true
  },
  "minecraft:recipes/combat/iron_chestplate": {
    "criteria": {
      "has_iron_ingot": "2024-10-27 05:53:06 +0000"
    },
    "done": true
  },
  "minecraft:recipes/combat/crossbow": {
    "criteria": {
      "has_stick": "2024-10-27 05:48:30 +0000"
    },
    "done": true
  },
  "valhelsia_furniture:recipes/valhelsia_furniture/cyan_oak_chair": {
    "criteria": {
      "has_oak_planks": "2024-10-27 05:47:45 +0000"
    },
    "done": true
  },
  "minecraft:recipes/transportation/spruce_chest_boat": {
    "criteria": {
      "has_boat": "2024-10-27 06:11:03 +0000"
    },
    "done": true
  },
  "minecraft:recipes/decorations/oak_sign": {
    "criteria": {
      "has_planks": "2024-10-27 05:47:45 +0000"
    },
    "done": true
  },
  "valhelsia_furniture:recipes/valhelsia_furniture/blue_upholstered_birch_chair": {
    "criteria": {
      "has_birch_planks": "2024-10-27 05:48:22 +0000"
    },
    "done": true
  },
  "minecraft:recipes/food/cooked_porkchop_from_smoking": {
    "criteria": {
      "has_porkchop": "2024-10-27 05:50:40 +0000"
    },
    "done": true
  },
  "minecraft:recipes/redstone/oak_trapdoor": {
    "criteria": {
      "has_planks": "2024-10-27 05:47:45 +0000"
    },
    "done": true
  },
  "farmersdelight:recipes/farmersdelight/cooking/noodle_soup": {
    "criteria": {
      "has_any_ingredient": "2024-10-27 05:50:40 +0000"
    },
    "done": true
  },
  "valhelsia_furniture:recipes/valhelsia_furniture/pink_oak_chair": {
    "criteria": {
      "has_oak_planks": "2024-10-27 05:47:45 +0000"
    },
    "done": true
  },
  "valhelsia_furniture:recipes/valhelsia_furniture/black_oak_chair": {
    "criteria": {
      "has_oak_planks": "2024-10-27 05:47:45 +0000"
    },
    "done": true
  },
  "minecraft:recipes/misc/iron_nugget_from_blasting": {
    "criteria": {
      "has_iron_sword": "2024-10-27 05:53:40 +0000"
    },
    "done": true
  },
  "betterdungeons:root": {
    "criteria": {
      "always": "2024-10-27 05:26:17 +0000"
    },
    "done": true
  },
  "minecraft:adventure/kill_a_mob": {
    "criteria": {
      "minecraft:zombie": "2024-10-27 05:40:04 +0000"
    },
    "done": true
  },
  "valhelsia_furniture:recipes/valhelsia_furniture/gray_birch_chair": {
    "criteria": {
      "has_birch_planks": "2024-10-27 05:48:22 +0000"
    },
    "done": true
  },
  "minecraft:recipes/redstone/oak_button": {
    "criteria": {
      "has_planks": "2024-10-27 05:47:45 +0000"
    },
    "done": true
  },
  "valhelsia_structures:recipes/valhelsia_structures_main/orange_metal_framed_glass": {
    "criteria": {
      "has_ingots/iron": "2024-10-27 05:53:06 +0000"
    },
    "done": true
  },
  "farmersdelight:recipes/farmersdelight/flint_knife": {
    "criteria": {
      "has_stick": "2024-10-27 05:48:30 +0000"
    },
    "done": true
  },
  "minecraft:recipes/building_blocks/stone": {
    "criteria": {
      "has_cobblestone": "2024-10-27 05:49:58 +0000"
    },
    "done": true
  },
  "valhelsia_furniture:recipes/valhelsia_furniture/purple_upholstered_oak_chair": {
    "criteria": {
      "has_oak_planks": "2024-10-27 05:47:45 +0000"
    },
    "done": true
  },
  "valhelsia_furniture:recipes/valhelsia_furniture/yellow_birch_chair": {
    "criteria": {
      "has_birch_planks": "2024-10-27 05:48:22 +0000"
    },
    "done": true
  },
  "valhelsia_furniture:recipes/valhelsia_furniture/lime_upholstered_birch_chair": {
    "criteria": {
      "has_birch_planks": "2024-10-27 05:48:22 +0000"
    },
    "done": true
  },
  "minecraft:recipes/food/cooked_beef": {
    "criteria": {
      "has_beef": "2024-10-27 05:29:51 +0000"
    },
    "done": true
  },
  "minecraft:adventure/adventuring_time": {
    "criteria": {
      "minecraft:sunflower_plains": "2024-10-27 05:46:23 +0000",
      "minecraft:river": "2024-10-27 05:38:40 +0000",
      "minecraft:forest": "2024-10-27 05:26:18 +0000",
      "minecraft:flower_forest": "2024-10-27 05:46:41 +0000",
      "minecraft:plains": "2024-10-27 05:28:17 +0000"
    },
    "done": false
  },
  "minecraft:recipes/redstone/iron_door": {
    "criteria": {
      "has_iron_ingot": "2024-10-27 05:53:06 +0000"
    },
    "done": true
  },
  "valhelsia_furniture:recipes/valhelsia_furniture/brown_birch_chair": {
    "criteria": {
      "has_birch_planks": "2024-10-27 05:48:22 +0000"
    },
    "done": true
  },
  "minecraft:recipes/combat/stone_sword": {
    "criteria": {
      "has_cobblestone": "2024-10-27 05:49:58 +0000"
    },
    "done": true
  },
  "minecraft:recipes/decorations/cobblestone_wall": {
    "criteria": {
      "has_cobblestone": "2024-10-27 05:49:58 +0000"
    },
    "done": true
  },
  "minecraft:recipes/decorations/barrel": {
    "criteria": {
      "has_planks": "2024-10-27 05:47:45 +0000"
    },
    "done": true
  },
  "minecraft:recipes/misc/iron_ingot_from_smelting_raw_iron": {
    "criteria": {
      "has_raw_iron": "2024-10-27 05:50:25 +0000"
    },
    "done": true
  },
  "minecraft:recipes/tools/stone_pickaxe": {
    "criteria": {
      "has_cobblestone": "2024-10-27 05:49:58 +0000"
    },
    "done": true
  },
  "minecraft:recipes/decorations/smithing_table": {
    "criteria": {
      "has_iron_ingot": "2024-10-27 05:53:06 +0000"
    },
    "done": true
  },
  "minecraft:recipes/redstone/oak_door": {
    "criteria": {
      "has_planks": "2024-10-27 05:47:45 +0000"
    },
    "done": true
  },
  "valhelsia_furniture:recipes/valhelsia_furniture/white_oak_chair": {
    "criteria": {
      "has_oak_planks": "2024-10-27 05:47:45 +0000"
    },
    "done": true
  },
  "minecraft:recipes/transportation/jungle_boat": {
    "criteria": {
      "in_water": "2024-10-27 05:46:01 +0000"
    },
    "done": true
  },
  "minecraft:recipes/decorations/cobblestone_wall_from_cobblestone_stonecutting": {
    "criteria": {
      "has_cobblestone": "2024-10-27 05:49:58 +0000"
    },
    "done": true
  },
  "valhelsia_furniture:recipes/valhelsia_furniture/light_gray_upholstered_birch_chair": {
    "criteria": {
      "has_birch_planks": "2024-10-27 05:48:22 +0000"
    },
    "done": true
  },
  "minecraft:recipes/building_blocks/birch_stairs": {
    "criteria": {
      "has_planks": "2024-10-27 05:48:22 +0000"
    },
    "done": true
  },
  "minecraft:recipes/redstone/heavy_weighted_pressure_plate": {
    "criteria": {
      "has_iron_ingot": "2024-10-27 05:53:06 +0000"
    },
    "done": true
  },
  "valhelsia_furniture:recipes/valhelsia_furniture/pink_upholstered_oak_chair": {
    "criteria": {
      "has_oak_planks": "2024-10-27 05:47:45 +0000"
    },
    "done": true
  },
  "valhelsia_furniture:recipes/valhelsia_furniture/red_upholstered_oak_chair": {
    "criteria": {
      "has_oak_planks": "2024-10-27 05:47:45 +0000"
    },
    "done": true
  },
  "minecraft:recipes/transportation/dark_oak_boat": {
    "criteria": {
      "in_water": "2024-10-27 05:46:01 +0000"
    },
    "done": true
  },
  "farmersdelight:recipes/farmersdelight/cooking/pumpkin_soup": {
    "criteria": {
      "has_any_ingredient": "2024-10-27 05:50:40 +0000"
    },
    "done": true
  },
  "valhelsia_furniture:recipes/valhelsia_furniture/light_blue_oak_chair": {
    "criteria": {
      "has_oak_planks": "2024-10-27 05:47:45 +0000"
    },
    "done": true
  },
  "tetra:recipes/planks": {
    "criteria": {
      "got_wood": "2024-10-27 05:47:45 +0000"
    },
    "done": true
  },
  "dungeons_arise:wda_root": {
    "criteria": {
      "WDA": "2024-10-27 05:26:17 +0000"
    },
    "done": true
  },
  "valhelsia_furniture:recipes/valhelsia_furniture/light_gray_birch_chair": {
    "criteria": {
      "has_birch_planks": "2024-10-27 05:48:22 +0000"
    },
    "done": true
  },
  "minecraft:recipes/redstone/birch_trapdoor": {
    "criteria": {
      "has_planks": "2024-10-27 05:48:22 +0000"
    },
    "done": true
  },
  "minecraft:recipes/decorations/lantern": {
    "criteria": {
      "has_iron_ingot": "2024-10-27 05:53:06 +0000"
    },
    "done": true
  },
  "valhelsia_furniture:recipes/valhelsia_furniture/green_oak_chair": {
    "criteria": {
      "has_oak_planks": "2024-10-27 05:47:45 +0000"
    },
    "done": true
  },
  "valhelsia_furniture:recipes/valhelsia_furniture/oak_table": {
    "criteria": {
      "has_oak_planks": "2024-10-27 05:47:45 +0000"
    },
    "done": true
  },
  "valhelsia_furniture:recipes/valhelsia_furniture/black_upholstered_birch_chair": {
    "criteria": {
      "has_birch_planks": "2024-10-27 05:48:22 +0000"
    },
    "done": true
  },
  "minecraft:recipes/food/cooked_beef_from_campfire_cooking": {
    "criteria": {
      "has_beef": "2024-10-27 05:29:51 +0000"
    },
    "done": true
  },
  "valhelsia_furniture:recipes/valhelsia_furniture/green_upholstered_birch_chair": {
    "criteria": {
      "has_birch_planks": "2024-10-27 05:48:22 +0000"
    },
    "done": true
  },
  "minecraft:recipes/food/cooked_chicken": {
    "criteria": {
      "has_chicken": "2024-10-27 05:42:06 +0000"
    },
    "done": true
  },
  "nethersdelight:recipes/nethersdelight/iron_machete": {
    "criteria": {
      "has_iron_ingot": "2024-10-27 05:53:06 +0000"
    },
    "done": true
  },
  "minecraft:recipes/decorations/soul_campfire": {
    "criteria": {
      "has_stick": "2024-10-27 05:48:30 +0000"
    },
    "done": true
  },
  "minecraft:story/smelt_iron": {
    "criteria": {
      "iron": "2024-10-27 05:53:06 +0000"
    },
    "done": true
  },
  "minecraft:recipes/tools/stone_axe": {
    "criteria": {
      "has_cobblestone": "2024-10-27 05:49:58 +0000"
    },
    "done": true
  },
  "minecraft:recipes/building_blocks/raw_iron_block": {
    "criteria": {
      "has_raw_iron": "2024-10-27 05:50:25 +0000"
    },
    "done": true
  },
  "valhelsia_furniture:recipes/valhelsia_furniture/hay_birch_chair": {
    "criteria": {
      "has_birch_planks": "2024-10-27 05:48:22 +0000"
    },
    "done": true
  },
  "valhelsia_furniture:recipes/valhelsia_furniture/yellow_oak_chair": {
    "criteria": {
      "has_oak_planks": "2024-10-27 05:47:45 +0000"
    },
    "done": true
  },
  "DataVersion": 3120
}